Unnamed: 0,Título,Nota,N_Avaliações,Desconto,Marca,Material,Gênero,Temporada,Review1,Review2,Review3,Qtd_Vendidos,Preço,Nota_MinMax,N_Avaliações_MinMax,Desconto_MinMax,Preço_MinMax,Marca_Cod,Material_Cod,Temporada_Cod,Qtd_Vendidos_Cod,Marca_Freq,Material_Freq
1,Kit 10 Cuecas Boxer Lupo Cueca Box Algodão Masculina Atacado,4.5,3034.0,18.0,lupo,algodão,Masculino,outono/inverno,"As cuecas são boas; porém você percebe na costura que não são originais! já experimentei duas brancas, e o mesmo acontece com as duas, quando eu subo a cueca, ela dá um estralinho como se tivesse rasgado e quando olhei, soltou um pouco da costura de lado! tem que vestir com muito cuidado! fora isso, é uma replica muito bem feita da original! aaah. Não gostei muito do elastico de cima! é muito curtinho, queria q fosse maior. Mas resumindo: cueca bem confortavel, nao dobra e nem sobe.","Pelo preço promocional, com ctz tem algum defeito de fabricação. Pq não é normal furar a cueca na imenda na primeira vez que vc usa. Infelizmente isso aconteceu comigo e não foi só com uma cueca e sim com 3 unidades. Agora eu não sei o que é pior, perder 16 reais do valor da cueca usando ela apenas algumas horas ou ficar com a cueca furada no trabalho.","Serviram muito bem, porém é nítido que o pano não é algodão, e posso confirmar a diferença pois possuo o mesmo modelo de cuecas lupo que comprei em outra ocasião e comparando ambos os panos e costuras essa diferença fica notável.
Pelo custo beneficio e mesmo sendo um material diferente, aparenta valer a pena, porém, só o tempo (e algumas lavagens rs) irá dizer se é de qualidade.",+10mil,232.89,0.8148148148148148,0.3341780520052886,0.2131147540983606,0.3785853142798676,463,25,3,10000.0,0.0422919508867667,0.176443838108231
2,Kit Com 10 Cuecas Boxer Algodão Sem Costura Zorba 781,4.7,5682.0,20.0,zorba,algodão,Masculino,não definido,"O tecido é bom e são confortáveis. Só que a numeração não é precisa, visto 40 então tentei comprar a p conforme especificado no guia de tamanho. Porém, para minha sorte não tinha mais p disponível e eu comprei m. O resultado é que caiu perfeitamente. Então uma dica é comprar um tamanho maior. Antes deixar o bicho solto do quê sem ar.","Vendo comentários de outros consumidores vejo que quanto ao tamanho realmente há problemas; tenho 1. 85 e peso 88 kg, pedi o tamanho maior disponível, gg, e ficou um pouco apertado mesmo assim. Já comprei em lojas exatamente a mesma medida e dá pra notar a diferença. Mas no geral o produto é bom, só atentem para o tamanho.","Produto não é nem de longe original, tecido grosso e com pouco elastano.",+50mil,199.9,0.888888888888889,0.625936535918907,0.2459016393442623,0.3223287063879131,838,25,1,50000.0,0.0090950432014552,0.176443838108231
3,Kit 10 Cuecas Boxer Mash Algodão Cotton Box Original Oferta,4.6,1700.0,22.0,mash,algodão,Masculino,primavera/verão,"As cuecas são boas, porém meu marido usa g e pedir gg por causa dos outros comentários de compradores que falaram ser forma pequena. Então ficaram muito grandes!!! com certeza logo vão lacear por esse motivo. Tentar lavar a mão para evitar que fique caindo tão rápido. Recomendo a compra, porém podem pedir o tamanho correto que usam. Sem essa presepada de pedir tamanho maior. Sobre qualidade somente depois de lavar para saber ao certo!!! na próxima, pedirei o número que ele realmente usa.","E o tamanho certo, mas em baixo dela, fica muito curto, apertado demais. Aperta todos os ovos, na moral me arrependo de ter comprado. Nesse valor ainda, melhor ter comprado da lupo.","Produto não parece.
Original e veio 2 modelos completamente distintos. Costuras grosseiras, elastico parece esgarçado e com rebarbas.",+10mil,229.39,0.8518518518518517,0.1871970030850595,0.2786885245901639,0.3726168957402544,494,25,7,10000.0,0.0109140518417462,0.176443838108231
4,Kit 3 Short Jeans Feminino Cintura Alta Barato Atacado,4.4,507.0,9.0,menina linda,jean,Feminino,primavera/verão,"Estou encantada com essas peças!.
Os shorts são lindos e super confortáveis, comprem sem medo!.","Recomendo, tecido confortável, igual a foto.","Gostei muito dos shorts, material bom, para usar no dia a dia está ótimo.",+1000,129.2,0.777777777777778,0.0557514323490524,0.0655737704918032,0.2017666518877255,509,74,7,1000.0,0.0100045475216007,0.0254661209640745
5,Blusa + Calça Térmica Treino Futebol Criança Infantil Fleece,4.7,58.0,5.0,roupa zero grau,termico unissex,Sem gênero infantil,outono/inverno,"Produto ótimo , mesmo após várias lavagens não forma bolinha, não encolhe , não desbota.
Já tinha comprado ano passado e comprei novamente esse ano.
Minha filha tem 5 anos é magrinha, comprei o tamanho 8 e ficou folgadinho, vai usar bastante.
Meu filho de 10 anos comprei o 14 e também ficou bem folgadinho.
Podem comprar sem medo de errar. 😊.","Produto de boa qualidade.
Não gruda pêlos e nem faz bolinha.
Super quentinha.",Super quentinho. Só achei a gola muito aberta.,+100,78.03,0.888888888888889,0.006280299691494,0.0,0.1145083728385798,669,166,3,100.0,0.0022737608003638,0.0009095043201455
24,Kit 4 Cuecas Boxer Lupo Em Algodão Masculina Cotton Original,4.6,2382.0,22.0,lupo,algodão,Masculino,primavera/verão,"Muito bom , eu sempre gostei de usar cueca com folga mas resolvi seguir as orientações das medidas na tabela e ficou ótimo. Peguei a m (normalmente pego um tamanho acima) mas ficou muito bom, perfeito. Se tivesse arriscado no tamanho g teria ficado muito largo. Tenho 1. 75 altura e 76kg.",As cuecas são de péssima qualidade as mais falsas que existe. Eu uso cuecas lupo há muito tempo não gostei porque é anunciado como original. Estou só o ódio.,"Eu tenho 1,80 e peso 80 kg, a g ficou perfeita.",+10mil,89.9,0.8518518518518517,0.2623402379903041,0.2786885245901639,0.1347498380000682,463,25,7,10000.0,0.0422919508867667,0.176443838108231
25,Kit 2 Cuecas Boxer Lupo Basic Microfibra Sem Costura Box,4.8,1429.0,30.0,lupo,microfibra,Masculino,primavera/verão,Excelente produto e muito durável. Não sei como vai ser pq este produto dura muito. Comprei novo conjunto depois de quase 3 anos. Então se você quiser esquecer de comprar cueca pelo menos por 3 anos este é o produto ideal.,"Já conhecia esse produto de alta qualidade e preço baixo, tenho uma cueca dessa a 5 anos e ainda vai servir por mais tempo kkk, as cuecas de poliamida da lupo são excelentes, já as de algodão não duram um mês, não comprem as de algodão, comprem essa de poliamida são muito boas e bem duráveis m.","Produto original, estava com medo de comprar e não ser igual ao original porém me surpreendeu a qualidade do produto em breve vou comprar mais cuecas!.",+10mil,69.99,0.925925925925926,0.1573380343763772,0.4098360655737705,0.1007980628218682,463,101,7,10000.0,0.0422919508867667,0.0300136425648021
38,Pacote 4 Cuecas Boxer Algodão Box Masculina Cotton Zorba,4.6,2290.0,25.0,zorba,algodão,Masculino,primavera-verão outono-inverno,"A cueca é sensacional! a melhor cueca que eu já tive. Tenho o quadril bem largo e sempre tive dificuldade de achar uma cueca boa, então se vc quer uma cueca confortável, vc achou!.","Na foto de corea diversas tem 4 cores, então dá a entender que viria as 4 cores. Mais veio 2 brancas, coisa que detesto branco, mais por achar q viria somente 1 então relevei, mais veio 2, coisa q me decepcionei. O tecido é bom. O formato é um pouco grande, mais vai servir.","Já conhecia o produto, então, sem novidades. Excelente qualidade. O único inconveniente foi que os pacotes vieram repetidos, portanto, apenas 2 cores ao invés de 4 como esperava.",+10mil,105.99,0.8518518518518517,0.25220361392684,0.3278688524590164,0.1621875106578902,838,25,6,10000.0,0.0090950432014552,0.176443838108231
42,Faixa Peitoral Para Ginecomastia Reduz Volume Do Peito Homem,4.4,78.0,18.0,men'spa,"82% poliéster, 18% elastodieno",Masculino,não definido,As tetas ficaram bem de boas.,Produto perfeito isso aumenta a autoestima de um jeito incrivel muito obrigado.,"Comprei o tamanho m e precisei dar um ajuste nela, porém após a cirurgia perdeu o volume, pode ter sido por isso. Mas muito boa, de início da sensação que ficará descendo, mas depois acostuma.",+1000,119.31,0.777777777777778,0.008483913618334,0.2131147540983606,0.1849016063572184,507,10,1,1000.0,0.001819008640291,0.001819008640291
43,"Kit Com 4 Short Para Usar Embaixo Da Roupa, Vestido, Saia",4.2,88.0,11.0,silvest lingerie,poliéster,Feminino,primavera/verão,Estou dando 5 estrelas em todos pq tudo que compro no mercado livre e ótimo.,São só fino mais serve pra usar não esquenta sao fresquinho.,"Não veio como na foto.
É minúsculo!.
O tamanho eg adulto doei para uma criança de 9 anos.
O cumprimento das coxas veio errado! na foto mostra uma coisa e veio com 3 dedos !.
Não gostei!.",+1000,57.93,0.7037037037037038,0.009585720581754,0.0983606557377049,0.0802325977968009,719,122,7,1000.0,0.0022737608003638,0.1173260572987721
49,Macacão Roupa De Apicultor Completa Proteção Contra Abelhas,4.3,178.0,24.0,celi,brim 100% algodão,Sem gênero,não definido,Muito bom o macacão. Consegui retirar as vespas sem problemas. Fica bem fechado. Nem foi necessário fechar botas e luvas com fita. É bem resistente e vai durar bastante tempo.,Ficou ótimo perfeito.,Beleza tudo ok muito boa.,+1000,203.88,0.7407407407407406,0.0195019832525341,0.3114754098360656,0.3291156508986733,177,46,1,1000.0,0.0077307867212369,0.0090950432014552
54,Macacão Apicultor Roupa Proteção Abelha Com Máscara + Brinde,4.1,331.0,10.0,celi,algodão,Sem gênero,não definido,Bom produto so uma resalva quando alguem for fazer o pedido pede um numero maior do que vc costuma usar exp. Se vc usa roupas g pede o macacao gg ou xg pra ficar com folga. No restante tudo certo.,Eu achei muito fino o tecido poderia ser mais grosso fui tirar uma abelha levei algumas ferruado.,Otimo.,+1000,166.21,0.6666666666666666,0.0363596297928602,0.0819672131147541,0.2648784147880358,177,25,1,1000.0,0.0077307867212369,0.176443838108231
59,Kit Com 10 Cuecas Slip Algodão Zorba,4.5,426.0,25.0,zorba,algodão,Masculino,primavera/verão,"Produto falsificado , não tem nada haver com zorba falsificação grosseira! uso zorba a muito tempo essa não é verdadeira não recomendo a compra.",A qualidade deixa a desejar no tamanho e tecido.,"Produto de ótima qualidade ! exatamente o que eu procurava !.
Recomendo.",+1000,159.9,0.8148148148148148,0.0468267959453503,0.3278688524590164,0.2541182087923331,838,25,7,1000.0,0.0090950432014552,0.176443838108231
60,Kit 4 Cuecas Boxer Infantil Kids Menino Box Sem Costura Lupo,4.9,145.0,31.0,lupo,poliamida,Meninos,primavera/verão,"Produto pequeno, mercado livre não esta me habilitando a possibilidade de devolver o produto.",Excelente qualidade e meu filho amou.,"Meu filho tem 6 anos magro, tinha comprado medidas de 6 a 8 anos ficou pequena. Comprei novamente medidas de 9 a 11 anos, ficou muito bom.",+1000,109.9,0.9629629629629632,0.0158660202732481,0.4262295081967213,0.1688550867978582,463,116,7,1000.0,0.0422919508867667,0.0195543428831286
64,Kit 2 Cuecas Boxer Lupo Basic Microfibra Sem Costura Box,4.8,1429.0,30.0,lupo,microfibra,Masculino,primavera/verão,Excelente produto e muito durável. Não sei como vai ser pq este produto dura muito. Comprei novo conjunto depois de quase 3 anos. Então se você quiser esquecer de comprar cueca pelo menos por 3 anos este é o produto ideal.,"Já conhecia esse produto de alta qualidade e preço baixo, tenho uma cueca dessa a 5 anos e ainda vai servir por mais tempo kkk, as cuecas de poliamida da lupo são excelentes, já as de algodão não duram um mês, não comprem as de algodão, comprem essa de poliamida são muito boas e bem duráveis m.","Produto original, estava com medo de comprar e não ser igual ao original porém me surpreendeu a qualidade do produto em breve vou comprar mais cuecas!.",+10mil,69.99,0.925925925925926,0.1573380343763772,0.4098360655737705,0.1007980628218682,463,101,7,10000.0,0.0422919508867667,0.0300136425648021
70,Conjunto 2 Calça Masculina Jogger Swang Roupas Academia Slim,4.8,19.0,10.0,kick,algodão75% poliester25%,Masculino,outono/inverno,Muito bom a calça de moletom grato.,"Gostei, veste bem.",Muito boas.,+100,129.1,0.925925925925926,0.001983252534156,0.0819672131147541,0.2015961256437365,407,38,3,100.0,0.0004547521600727,0.0004547521600727
72,Kit 3 Cuecas Slip Tamanho Especial Plus Size Algodão Mash,4.8,218.0,20.0,mash,algodão,Masculino,não definido,"Uso a marca mash e essas cuecas não tem a mesma qualidade de tecido, entretanto pelo custo, valeu a pena.","Produto de ótima qualidade, serviu certinho. Um problema chatinho foi a finalização da costura, fica incomodando na lateral. Peguei duas com esse problema. Passei uma lixa e resolveu.","É a segunda vez que compro essa marca. Achei a malha um pouco mais fina. Quanta a lavagem, as primeiras desbotaram após um tempo.",+1000,74.9,0.925925925925926,0.0239092111062141,0.2459016393442623,0.1091709014017257,494,25,1,1000.0,0.0109140518417462,0.176443838108231
76,Calça Jeans Preta Feminina Super Lycra  Skinny Cintura Alta,4.4,1533.0,13.0,stillger jeans,sarja,Feminino,outono/inverno,"A calça jeans é muito linda. Vestiu super bem, peguei a 40 e serviu perfeitamente, minhas medidas=79 de cintura, 97 de quadril,62 cm de coxa,67 kg, 1,62 de altura. Ficou boa no comprimento. Os comentários aqui no mercado livre deveriam ser mais detalhados pra ajudar quem vai comprar. Espero ter ajudado.","Gostei bastante do tecido é macio ,veste bem, tomando bom ,não ficou grande e nem curta,. Ainda não lavei pra dizer se encolheu ou desbotou.","Comprei pra minha esposa , ela gostou muito ❤️.",+10mil,61.93,0.777777777777778,0.1687968267959453,0.1311475409836065,0.0870536475563589,738,138,3,10000.0,0.0154615734424738,0.0154615734424738
83,Kit 6 Cuecas Algodão Mash - Promoção Box Masculina Adulto,4.6,422.0,10.0,mash,algodão,Masculino,primavera-verão outono-inverno,"Tenho 1. 70 de altura, 54 kg e 79 cm de quadril. Peguei o menor tamanho e serviu perfeitamente. Se você tiver as coxas um pouco maiores e for mais alto, acho que a m vai te servir mais, pois o comprimento delas é razoavelmente pequeno (para mim, ficou ótimo).","As cuecas pretas são 60% algodão, está na própria etiqueta. As cinzas que são 100%, estranho isso. Os tamanhos estão errados, uso 42 e peguei g(sorte que peguei g), pela recomendação do site seria m, na dúvida, peque um tamanho maior. Tirando esses erros, a qualidade é boa e é bem confortável, não me arrependo, bom custo benefício.","Muito bom, com excelente qualidade, apenas umas das peças que veio muito apertada na coxa. Mas o produto é excelente.",+1000,129.99,0.8518518518518517,0.0463860731599823,0.0819672131147541,0.2031138092152382,494,25,6,1000.0,0.0109140518417462,0.176443838108231
86,Calça Masculina Esportiva Slim Jogger Zíper Na Barra,4.2,58.0,10.0,tactel slim calça ziper,poliéster,Masculino,outono/inverno,"Comprei tamanho g e ficou meio justo em alguns momentos quando agacho ou subo na moto da uma sensação de que vai rasgar. Mas até o momento está servindo, quem usa tamanho g melhor pedir gg.","Achei ótimo, bem leve o material ótimo para correr e fazer atividade física, séria ótimo se tivesse várias outras cores deferente.","Não parece ser gg, achei que seria maior.",+100,59.91,0.7037037037037038,0.006280299691494,0.0819672131147541,0.0836090174277821,748,122,3,100.0,0.001819008640291,0.1173260572987721
105,Calça Montaria Gorgurao Legging Feminina Leg Canelada Bolso,4.5,1019.0,6.0,remanescente,poliéster,Feminino,não definido,"O tecido da calça não é liso! enganação. Poderia falar que é diferente da foto. E aqueles tecidos com listras. Náo é feia, mas e bem diferente da foto. As costuras sao bem reforcadas. Tecido e 92% poliester e 8% elastano o que nao deixa a calca transparente. Muito bom isso, uso 46/48 pedi gg e ficou certinho no corpo, nem muito colado nem muito folgado. O cos e bem alto define o abdomen, os bolsos sao grandes, cabe celular de boa, o meu e g9 play celular e grande e coube certinho. E a barra da calca vou mandar apertar mas porque eu gosto bem apertadinha embaixo.","Modelagem bem coladinha, do jeito que eu gosto. Costuras reforçadas, dois bolsos funcionais( cabe o celular como eu queria), cós largo que modela o abdômen e o tecido não é transparente! o gg ficou perfeito, uso 46.","Comprei tamanho g por causa do comprimento, então a calça ficou um pouquinho larga, mas já era esperado, uso tamanho 42, e me programei para ajustar ela na largura.
Mas achei que o comprimento poderia ser um pouquinho maior, mesmo comprando g ela ficou curta na canela.
O tecido é bem bom, não fica transparente mesmo (testei de todas as formas, rs).",+10mil,47.02,0.8148148148148148,0.1121639488761569,0.0163934426229508,0.0616281845776065,651,122,1,10000.0,0.0013642564802182,0.1173260572987721
106,Kit 6 Cuecas Boxer Lupo Algodão Masculina Box Adulto Cotton,4.6,1676.0,16.0,lupo,algodão cotton,Masculino,primavera-verão outono-inverno,"Não compre, produto falso!!!!.
Mercado livre em grande expansão e eu ainda não sei como esse pessoal consegue vender produtos não autênticos. Na primeira lavagem saiu quase toda a cor das cuecas, e a cada lavagem solta tinta. Estou com o produto há mais de uma semana e a cada lavagem a tinta sai, decepcionante.",Durou poucos meses. A costura do elástico no pano é bem fraca. Conforme o uso vai soltando as linhas e ao puxar rasga a costura do elástico com o pano. Estou pouco a pouco jogando todas fora porque estão rasgando.,"Cueca cinza mais apertadas que as outras devido ao material. Cueca preta solta um pouco da tinta preta ao lavar. Todas elas tem uma costura muito fraca, faz um mês que comprei e já estão descosturando, rasgando na costura, deixou muito a desejar. Acho que não são originais.",+10mil,152.91,0.8518518518518517,0.1845526663728514,0.180327868852459,0.2421984243375055,463,30,6,10000.0,0.0422919508867667,0.003638017280582
108,Kit 3 Short Jeans Feminino Cintura Alta Barato Atacado,4.4,507.0,9.0,menina linda,jean,Feminino,primavera/verão,"Estou encantada com essas peças!.
Os shorts são lindos e super confortáveis, comprem sem medo!.","Recomendo, tecido confortável, igual a foto.","Gostei muito dos shorts, material bom, para usar no dia a dia está ótimo.",+1000,129.2,0.777777777777778,0.0557514323490524,0.0655737704918032,0.2017666518877255,509,74,7,1000.0,0.0100045475216007,0.0254661209640745
110,Kit 3 Calça Jeans Feminina Levanta Bumbum Cintura Alta,4.3,312.0,5.0,stillger,algodão,Feminino,outono/inverno,"Maravilhoso, super recomendo, ficou perfeita 👏👏👏.",Pedi um produto veio outro sem falar no tamanho.,"Do kit, uma calça ficou perfeita, uma ficou boa e a outra não serviu, ficou pequena, pedi a loja para trocar somente a que não serviu, pois como eu só experimentei uma achei que daria certo as outras e já usei, quando fui usar a terceira, não serviu. A resposta da loja foi que só troca o kit inteiro. Mas como vou trocar um kit de calças 38 por outro kit de calça 38 se apenas 1 veio no tamanho errado?.",+1000,174.24,0.7407407407407406,0.0342661965623622,0.0,0.2785716721803485,736,25,3,1000.0,0.0327421555252387,0.176443838108231
119,Kit 2 Calças Jeans Masculina Com Lycra.,4.6,2146.0,5.0,almix,jean,Masculino,primavera/verão,"Obs: eu não suporto calças apertadas , e nem muito largas.
Numeração ( 42 ). Ficou ótima em mim.
Tenho 1. 80 de altura e uns 75kg.
Na cintura e nas coxas, ficou muito boa , ou seja.
- não ficou apertado e nem muito largo. ( ficou legal ).
Do joelho para baixo , ficaram retas ou seja, não tem modelagem , más, tbem não ficou feio , pois não ficou larga.
- elas ficam alinhado com o corpo , porém, não apertado.
Então ela é uma boa escolha para compra.
Porém , só um alerta !.
* ela é fina , tecido leve.
* comprimento é super grande.
Resumindo.
De 1 á 10 , ela valeu uns ( 8 ).","Gostei, as calças vestem bem, são confortáveis e o tecido tem qualidade. Por ter gostado resolvi comprar outro kit com três calças. Nesse kit tenho um reparo a fazer: a numeração que pedi foi 40 e a calça azul clara, apesar de ter na etiqueta a numeração 40, tinha o tamanho correspondente a 42 ou 44. Ficará grande e terei que mandar ajustar. O controle de qualidade poderia ser melhor efetuado nesses casos. No mais nada a reclamar.","Recomendo ótimo jeans tenho 1. 80 altura e 97 kg a número 48 ficou ótimo se eu quiser vou fazer é só o abanhado mas não fiz dobrei por dentro nem se percebe , não ficou colada no corpo que pra mim é ótimo.
Comprarei novamente em breve.
Que deus abençoe a todos.",+10mil,134.3,0.8518518518518517,0.2363375936535919,0.0,0.210463490331162,26,74,7,10000.0,0.0054570259208731,0.0254661209640745
120,Kit 5 Cuecas Zorba Tradicional Slip Ligth Algodão Original,4.7,23.0,28.0,zorba,algodão,Masculino,primavera/verão,Para tamanho g não e igual a zorba original.,Produto parece realmente ser original. Tecido super confortável e bem costurado. Ainda não lavei. Depois volto pra dizer mais.,"Ótimo custo benefício.
Super recomendo.",+100,109.9,0.888888888888889,0.002423975319524,0.3770491803278688,0.1688550867978582,838,25,7,100.0,0.0090950432014552,0.176443838108231
126,10 Shorts Ginástica Moda Fitness Roupas Femininas Atacado,4.7,16.0,13.0,própria,suplex poliéster,Feminino,primavera/verão,Tecido muito bom.,Vale muito a pena. As bermudas estão durando bem e possuem qualidade.,Amei produto muito bom.,+100,219.31,0.888888888888889,0.00165271044513,0.1311475409836065,0.3554278503461682,633,154,7,100.0,0.0100045475216007,0.0031832651205093
127,Jaqueta Jeans Feminina Preta Com Lycra Roupas Atacado,4.3,249.0,10.0,stillger jeans,algodão,Feminino,outono/inverno,"Eu gostei ficou do jeito que eu imaginei que ficaria. Comprei m tenho 1,56 de altura e peso 56 kg e não consigo fechar ela nos seios meu sutiã é 42 (m) mas eu já sabia que isso ia acontecer queria ela para usar aberta mesmo.",Bem bonita eu medi pela tabela deu certinho ela tem lycra ela conresponde a tabela.,"A forma é realmente pequena, comprem o tamanho maior sem medo. Mas o produto é impecável.",+1000,64.49,0.7407407407407406,0.0273248126928162,0.0819672131147541,0.091419119402476,738,25,3,1000.0,0.0154615734424738,0.176443838108231
129,Kit Com 10 Cuecas Boxer Algodão Cotton Masculina Adulto Mash,4.8,327.0,15.0,mash,algodão,Masculino,primavera-verão outono-inverno,Vou comprar de novo rs muito bom produto.,"As cuecas são muito boas, excelente custo benefício. Recomendo, meu marido aprovou.",Ainda não lavei.,+1000,209.41,0.925925925925926,0.0359189070074922,0.1639344262295082,0.3385457521912622,494,25,6,1000.0,0.0109140518417462,0.176443838108231
142,Conjunto Blusa Térmico Roupa De Frio Masculino Segunda Pele,4.5,44.0,5.0,elry,poliéster,Masculino,outono/inverno,"Realmente esse segunda pele é boa, caiu super bem e se moldou ao corpo! aprovado.","Recomendo super a compra, confortável e tamanho ideal. Ajuda muito no frio.","Produto de excelente qualidade. Tenho 1,78 e 79kg. Ficou muito bom!.",+100,109.4,0.8148148148148148,0.004737769942706,0.0,0.1680024555779134,262,122,3,100.0,0.0009095043201455,0.1173260572987721
144,Kit 5 Camisetas Masculinas Slim Fit  Básicas Algodão Premium,4.5,9077.0,51.0,zaroc,algodão,Masculino,não definido,"Pessoal, quando comentarem sobre a camisa, deixem aqui o seu tamanho, peso e diga o tamanho da camiseta que pegou para servir de base para outras pessoas.
Tenho 73 kg e tenho 1,78. Escolhi o tamanho g pois gosto da camiseta levemente folgada. Ficou muito bem em mim e sinto que a m também iria servir ficando mais justa no corpo.
O material é agradável para vestir porém veio com um cheiro parecido mofo. Lavei antes de usar.
A camiseta cumpre bem o seu papel. Pelo preço, variedade de cores e conforto ao vestir eu recomendo a compra. Bons treinos rapaziada!.","Podem comprar, confesso que tava com um pouco de medo mas o produto realmente é bom. Tamanho ficou ótimo (tenho 75kg e 1,80m) e o meu maior medo não aconteceu, a manga é justa ao braço, não é aquela manga gigante que fica folgada. Voltarei a comprar novamente.","Eu já havia comprado as camisetas de manga longa da zaroc. A qualidade me pareceu tão boa, que procurei as de manga curta também para comprar. Da mesma forma me surpreendi com a qualidade.
O tecido da camiseta é bastante confortável ao corpo, sendo que alguns tipos de tecidos me causam coceira, mas não tive nenhum problema com estas camisetas.
O modelo da camiseta pra mim é a melhor parte, ela não é colada no corpo. Apesar de ela ser um modelo mais slim, não senti que ela fica apertando meu peito, mas em contrapartida ela fica bem justa nos ombros, o que pra mim é excelente, já que ela te deixa com um aspecto mais encorpado, principalmente se você for uma pessoa magra como eu, que dificilmente encontra uma roupa que te veste bem.
Uma coisa que pude notar entretanto é que a medida é um pouquinho diferente. Eu tomei como base o tamanho das camisetas de manga cumprida que eu já havia comprado, e a circunferência da camiseta no peito e barriga são praticamente idênticas, porém a altura da camiseta ficou um pouco grande, mas nada que me incomoda muito.",+50mil,239.11,0.8148148148148148,1.0,0.7540983606557378,0.3891920466559804,831,25,1,50000.0,0.0009095043201455,0.176443838108231
148,Kit Pintores Macacão De Proteção Luva Óculos Respirador Epi,4.0,45.0,7.0,teknoluvas,poliéster,Masculino,não definido,"Macacão bem frágil o tecido, o restante dentro do esperado.",Meia boca.,Excelente.,+100,73.8,0.6296296296296297,0.004847950639048,0.0327868852459016,0.1072951127178472,750,122,1,100.0,0.0004547521600727,0.1173260572987721
152,Kit 3 Cuecas Boxer Lupo Tamanho Plus Size Masculina Original,4.4,127.0,29.0,lupo,algodão,Masculino,outono/inverno,"Desde criança nunca tinha usado uma cueca como esta, fui usar pela primeira vez agora com 66 anos, e quando eu morrer vou usando essa cueca, maravilhosa!.",Adorei perfeita.,"Ótima qualidade, só a numeração que não confere muito. A maior numeração não atende oque promete.",+1000,99.99,0.777777777777778,0.0138827677390921,0.3934426229508196,0.1519559360185532,463,25,3,1000.0,0.0422919508867667,0.176443838108231
154,Macacão Segurança Proteção Química Laboratório Pintura Longo,4.2,30.0,10.0,steelflex epi tipo 6 roupa descartável,capuz laminado masculino feminino,Sem gênero,não definido,Muito bom gostei bastante.,Pano de pecima qualidade achei q era mais porte mas er pano de tnt.,Produto de excelente custo beneficio.,+1000,25.63,0.7037037037037038,0.003195240193918,0.0819672131147541,0.0251526209883701,733,54,1,1000.0,0.0004547521600727,0.0004547521600727
158,Calça Feminina Pantalona Cintura Alta Cós Largo Duna Moda,4.4,14.0,18.0,própria,duna,Feminino,outono/inverno,Ótimo.,Ótima.,Eu ameiiii super elegante o p veste até um m.,+100,72.36,0.777777777777778,0.001432349052446,0.2131147540983606,0.1048395348044064,633,60,3,100.0,0.0100045475216007,0.001819008640291
160,Kit 15 Cueca Boxer Tamanho Especial Plus Size Microfibra,3.8,30.0,31.0,mallbeck combo roupa íntima masculina,microfibra,Masculino,não definido,"De gg3 não tem nada, tá parecendo gg normal e ao esticar o produto rasga.",Produto bom!.,Os tamanhos não vieram iguais alguns menores.,+100,149.43,0.5555555555555555,0.003195240193918,0.4262295081967213,0.2362641110466901,475,101,1,100.0,0.0004547521600727,0.0300136425648021
165,Kit 2 Calça Jeans Masculina Jogger Camuflada Sarja Elástico,4.3,215.0,10.0,gbgsports,sarja,Masculino,outono/inverno,"Achei as calças lindas e vieram exatamente como eu queria, tento 1,65 de altura e peso 60kg peguei o tamanho m (serviu como eu queria) a preta tinha umas sobras de linha mas nada de mais, ela também na parte da batata da perna acima da canela estava mais apertadinha que a azul mas está linda igual e não causa desconforto, só dá pra perceber isso se parar para olhar mesmo.",Qualidade não é boa.,"Primeira lavagem, calça preta desbou saiu praticamente toda tinta.",+1000,134.32,0.7407407407407406,0.0235786690171881,0.0819672131147541,0.2104975955799597,324,138,3,1000.0,0.0059117780809458,0.0154615734424738
173,Kit 4 Cuecas Boxer Lupo Em Algodão Masculina Cotton Original,4.6,2382.0,22.0,lupo,algodão,Masculino,primavera/verão,"Muito bom , eu sempre gostei de usar cueca com folga mas resolvi seguir as orientações das medidas na tabela e ficou ótimo. Peguei a m (normalmente pego um tamanho acima) mas ficou muito bom, perfeito. Se tivesse arriscado no tamanho g teria ficado muito largo. Tenho 1. 75 altura e 76kg.",As cuecas são de péssima qualidade as mais falsas que existe. Eu uso cuecas lupo há muito tempo não gostei porque é anunciado como original. Estou só o ódio.,"Eu tenho 1,80 e peso 80 kg, a g ficou perfeita.",+10mil,89.9,0.8518518518518517,0.2623402379903041,0.2786885245901639,0.1347498380000682,463,25,7,10000.0,0.0422919508867667,0.176443838108231
175,10 Shorts Ginástica Moda Fitness Roupas Femininas Atacado,4.7,16.0,13.0,própria,suplex poliéster,Feminino,primavera/verão,Tecido muito bom.,Vale muito a pena. As bermudas estão durando bem e possuem qualidade.,Amei produto muito bom.,+100,219.31,0.888888888888889,0.00165271044513,0.1311475409836065,0.3554278503461682,633,154,7,100.0,0.0100045475216007,0.0031832651205093
182,Calça Leg Lisa Cós Alto Suplex,4.6,262.0,5.0,valen modas,tecido suplex,Feminino,não definido,"Amei a calça, ficou perfeita. O cos e super alto. Super recomendo.",Eu achei um pouco transparente.,"Calça maravilhosa , nada de transparência. Tecido fantástico amei.",+1000,30.4,0.8518518518518517,0.0287571617452622,0.0,0.033286722826643,795,162,1,1000.0,0.0004547521600727,0.0009095043201455
197,Kit 4 Cuecas Boxer Puma Masculina Box Sem Costura Original,4.8,301.0,19.0,puma,poliamida,Masculino,outono/inverno,Excelente qualidade.,"Fiquei com medo de não ser original, mas tudo certo , igual as que compro na loja do shopping.",Produto excelente tecido de otica qualidade e confortável.,+1000,160.89,0.925925925925926,0.0330542089026002,0.2295081967213114,0.2558064186078237,636,116,3,1000.0,0.001819008640291,0.0195543428831286
201,Kit 10 Calcinhas Conforto Tanga Promoção Moda Íntima.,4.1,35.0,20.0,mallbeck-calcinha confortavel - calcinha tanga-,microfibra,Feminino,não definido,Perfeitas para o dia a dia.,Produto de qualidade gostei.,Achei muito boa.,+100,44.9,0.6666666666666666,0.003746143675628,0.2459016393442623,0.0580130282050407,476,101,1,100.0,0.0013642564802182,0.0300136425648021
203,Calça Legging Feminina Preta Grossa Dia A Dia Valor De Ataca,4.4,2363.0,6.0,moda llevo,tecido suplex,Feminino,não definido,"Perfeito, vi algumas pessoas reclamando de tamanho, infelizmente não leu toda a descrição, eu sou homem e presentei minha esposa com 3 peças diferentes, as 3 peças ficaram perfeitas, para eu acertar só tive que ler e uma das calças linda demais eu usei base na modelo deles e calculei que pra minha esposa com 1,70 altura e 70cm de cintura o tamanho seria (m) e ela usa p, pessoal, produtos bons precisam ler antes de comprar errado e culpar a marca, não sejam preguiçosos e quando precisei perguntei e fui respondido que fiz a compra certa só pra garantir.","Ameii. Cós alto, tecido suplex perfeitto, não é fina e nem tão grossa. Modela as curvas do corpo, principalmente pernas e bum bum. Fica bem coladinha mais não fica transparente. Uso tam. 42 e comprei a g ficou perfeita. Ñ usei ainda só provei e já gostei. Pra aquelas q ñ gostam muito de mostrar as curvas eu ñ recomendo pq ele fica coladinha no corpo. Mas né, leggin é assim mesmo e colodinha nas pernas. Eu confesso q amo esse tecido. Não aperta e nem marca. Ficou perfeita. Ameiii super ameii o cós alto. #recomendo.","Ficou transparente, comprei m e segui as medidas, mas mesmo assim ficou aparecendo a calcinha.",+50mil,35.83,0.777777777777778,0.2602468047598061,0.0163934426229508,0.042546297875243,528,162,1,50000.0,0.0009095043201455,0.0009095043201455
204,Kit 2 Calça Legging Flanelada Forrada Peluciada Inverno,4.0,258.0,10.0,genérica,poliéster,Feminino,não definido,A preta ficou um pouco pequeno mas gostei ing e a cinza eu amei.,A calça ficou perfeita. Amei e já quero de outras cores.,Não estica muito devido o tecido de dentro.,+1000,46.29,0.6296296296296297,0.0283164389598942,0.0819672131147541,0.0603833429964871,327,122,1,1000.0,0.0095497953615279,0.1173260572987721
218,Kit 4 Cuecas Boxer Lupo Em Algodão Masculina Cotton Original,4.6,2382.0,22.0,lupo,algodão,Masculino,primavera/verão,"Muito bom , eu sempre gostei de usar cueca com folga mas resolvi seguir as orientações das medidas na tabela e ficou ótimo. Peguei a m (normalmente pego um tamanho acima) mas ficou muito bom, perfeito. Se tivesse arriscado no tamanho g teria ficado muito largo. Tenho 1. 75 altura e 76kg.",As cuecas são de péssima qualidade as mais falsas que existe. Eu uso cuecas lupo há muito tempo não gostei porque é anunciado como original. Estou só o ódio.,"Eu tenho 1,80 e peso 80 kg, a g ficou perfeita.",+10mil,89.9,0.8518518518518517,0.2623402379903041,0.2786885245901639,0.1347498380000682,463,25,7,10000.0,0.0422919508867667,0.176443838108231
224,Calça Masculina Térmica Roupa De Frio Segunda Pele Legging.,4.5,204.0,29.0,importchin,poliéster,Masculino,outono/inverno,"Primeira vez q usei o produto já desfiou embaixo,e outra pedi tamanho 42 eles mandaram peça tamanho único,se manda tamanho único pq tem a opção de escolher q medida da gente não entendi.","Muiito top a calça , pode comprar , tenho 1,78 e meu peso 78kg , peguei a m , ficou certinho.","Atendeu as expectativas, porém para frio mais intenso abaixo de -10 graus não recomendo, mas para uma viagem de turismo em cidade fria é excelente.",+1000,56.09,0.8148148148148148,0.0223666813574261,0.3934426229508196,0.0770949149074042,368,122,3,1000.0,0.0013642564802182,0.1173260572987721
226,Short Jeans Feminino Cintura Alta Com Lycra Barra Desfiada,4.4,237.0,6.0,stillger,algodão,Feminino,primavera/verão,"O short é bom, so que seu tamanho é diferente só que promete.",Perfeito!.,Veste surpe bem.,+1000,44.29,0.777777777777778,0.0260026443367122,0.0163934426229508,0.0569728181167081,736,25,7,1000.0,0.0327421555252387,0.176443838108231
229,Kit 3 Cuecas Lupo Slip Masculina Algodão Promoção Original,4.6,257.0,24.0,lupo,algodão,Masculino,outono/inverno,"Extremamente excelente, valeu a pena, comprei 3 na primeira vez e vi que era de um material confortavel e bom, nao resistir e comprei mais 12, nao encolheu nao desbotou quando lavei e ja tem 3 meses de uso, vale a pena comprem sem medo.","Cueca lupo é sempre muito boa. Confortável e durável. Apenas tome cuidado com o tamanho. Quem não gosta de roupas bem justas, é bom comprar tamanho maior.","Perfeitas como sempre, meu marido só usas essas, adora são excelentes em qualidade e conforto.",+1000,78.89,0.8518518518518517,0.0282062582635522,0.3114754098360656,0.1159748985368848,463,25,3,1000.0,0.0422919508867667,0.176443838108231
235,Shorts Masculino Design 4 Move adidas,4.7,19.0,30.0,adidas,poliéster,Masculino,primavera/verão,O short é menor que outros p que já comprei e não possui forro interno.,Bom.,Bem melhor do que eu imaginei. E é original de verdade 🙀.,+100,199.99,0.888888888888889,0.001983252534156,0.4098360655737705,0.3224821800075031,13,122,7,100.0,0.0109140518417462,0.1173260572987721
237,Kit 2 Cuecas Boxer Lupo Microfibra Box Sem Costura Original,4.8,742.0,19.0,lupo,poliamida,Masculino,primavera/verão,"Eu cometi um erro por ignorância. Uso há muito tempo as cuecas boxer da lupo. Na verdade sempre usei a de algodão. Não prestei atenção na hora da compra e comprei de ""microfibra"". Não gostei da textura. Vou comprar a de algodão e tem uma outra que me parece ""modal"". Como dica aos próximos compradores, atentem para esse detalhe.","Ficou um pouco grande , mas marca lupo não tem o falar o nome já diz é um produto lupo não existe comparação. Já cansei de comprar e outras marcas e sempre na perna ficava muito apertado. As vezes nem cinto que estou de cueca de tão a vontade que a gente fica.","Produto perfeito, porém uso 42 / 44, peguei m e ficou um pouco apertado.",+10mil,61.99,0.925925925925926,0.0816438959894226,0.2295081967213114,0.0871559633027523,463,116,7,10000.0,0.0422919508867667,0.0195543428831286
241,Roupa Naruto Akatsuki Cosplay Itachi Postagem 24h Promoção,4.7,139.0,21.0,genérica,poliéster,Sem gênero,outono/inverno,"O tamanho é ótimo, porém, o pano não é de boa qualidade com 2 dias de uso deu problema no zíper e o tecido está abrindo, soltando as linhas e formando im branquinho.","O produto é lindo, e fiel ao anime, porém, a manga é longa demais, eu entendo que no anime também é, mas a manga é exageradamente ruim, até pra eu tirar foto foi difícil, e o tecido é fino, então não recomendo que use para brincar, apenas nuna festa fantasia, tirar fotos, nada que exija muito da roupa.","O zíper poderia ser de melhor qualidade. Necessito trocar o zíper, mas não vou devolver. O restante é bom.",+1000,75.03,0.888888888888889,0.0152049360951961,0.2622950819672131,0.1093925855189113,327,122,3,1000.0,0.0095497953615279,0.1173260572987721
243,3 Conjuntos Fitness Feminino Top + Short Roupas Academia A11,4.4,286.0,19.0,akorio,poliéster,Feminino,primavera/verão,"Gostei muito dos conjuntos, tenho 1. 60 de altura/ 59k e comprei o tamanho m e serviu bem.
Levei na maquina e estao perfeito, também comprei os com bojo e tem a mesma qualidade, mas os bojo são bem pequenos.","Confortável, gostei muito, farei novas compras. Tenho 1,64cm de altura, 68kg, comprei tamanho g e ficou ótimo, veio 1 conj preto e 2 estampados, usei o preto. O tecido é ideal pelo valor do conjunto, não é grosso o tecido, mas também não é aquele tecido fininho. Eu gostei. Renata.","Sugiro que comprem um numero acima, fiz isso e ficou bem confortavel, acredito que comprando o numero que usam ele ficará transparente. Eu uso 42 e comprei 44.",+1000,129.21,0.777777777777778,0.0314014984574702,0.2295081967213114,0.2017837045121244,21,122,7,1000.0,0.0045475216007276,0.1173260572987721
245,Kit 9 Cuecas Lupo Slip Masculino Algodão Atacado Original,4.4,165.0,26.0,lupo,algodão,Masculino,outono/inverno,São perfeitas super confortável melhor do que eu imaginava não ficou apertado e nem grande recomendo sempre e o melhor de todos é o conforto sem igual 👏👏👏👏👏.,"Já tinha comprado e como meu marido aprovou, comprei novamente. Elas são confortáveis, tecido agradável ao toque.","Boa tarde, muito boa as cuecas e não encolheu não, pena que não escolhi cores variadas tem 6 pretas ,mais estão ótimas, obrigada, até a próxima compra.",+1000,229.89,0.777777777777778,0.0180696342000881,0.3442622950819672,0.3734695269601991,463,25,3,1000.0,0.0422919508867667,0.176443838108231
247,Short Jeans Feminino Com Cinto Fivela Country Cintura Alta,4.2,5.0,10.0,maria do carmo denim,jeans,Feminino,primavera/verão,"Amei, serviu direitinho.","Maravilhoso , já conheço a marca mariadocarmodenim. Então a satisfação é garantida.",Amei.,+50,80.36,0.7037037037037038,0.000440722785368,0.0819672131147541,0.1184816343235224,488,75,7,50.0,0.003638017280582,0.0300136425648021
273,Kit 3 Calça Jeans Feminina Levanta Bumbum Atacado,3.9,41.0,10.0,stillger,jeans,Feminino,outono/inverno,"Maravilhosas, ficou muita lindas todas.","As calças em sim são bonitas, material bom pelo preço, apenas uma delas que veio toda suja.
Se não fosse isso seriam perfeitas.",Pelo preço vale a pena. Quem for comprar compre um número maior.,+100,175.59,0.5925925925925927,0.00440722785368,0.0819672131147541,0.2808737764741993,736,75,3,100.0,0.0327421555252387,0.0300136425648021
282,Calça Masculina Esportiva Slim Jogger Zíper Na Barra,4.6,7.0,10.0,tactel slim calça ziper,poliéster,Masculino,outono/inverno,Pelo preço achei razoável! mas poderia melhorar no acabamento.,Top top.,"Eu particularmente gostei tecido leve confortável, tanto para o dia a dia como para os treinos.",+50,59.91,0.8518518518518517,0.000661084178052,0.0819672131147541,0.0836090174277821,748,122,3,50.0,0.001819008640291,0.1173260572987721
288,Kit 5 Shorts Calção Futebol Academia Treino Crossfit Corrida,4.4,60.0,19.0,mr fit,poliéster,Masculino,não definido,"Comprei para malhar, mas dei outro fim pra eles. Vou usar dentro de casa e para dormir 🤣🤣🤣🤣 muito confortável nem parece que estou vestido.",Ótimo.,Ótimo produto. Indico a tds do ml.,+100,166.89,0.777777777777778,0.006500661084178,0.2295081967213114,0.2660379932471607,539,122,1,100.0,0.0004547521600727,0.1173260572987721
304,Bermuda Esportiva Compressão Anti Assadura Térmica Lupo,4.9,181.0,25.0,lupo,microfibra,Masculino,primavera/verão,Lupo não tem erro.,"Comprei para meu marido experimentar,e ele gostou muito.",Muito bom o produto uso todos os dias.,+1000,99.9,0.9629629629629632,0.0198325253415601,0.3278688524590164,0.1518024623989632,463,101,7,1000.0,0.0422919508867667,0.0300136425648021
309,Calça Plus Size Jeans Feminina Wide Leg Levanta Bumbum,4.7,27.0,6.0,stillger jeans,algodão,Feminino,outono/inverno,"Ficou pequeno, estou acostumada a comprar esse número, mas dessa vez ficou pequeno.","A calça é curta, em relação ao comprometimento dela.","Amei fiquei perfeita, tudo certinho, recomento super❤️☺️.",+100,68.76,0.888888888888889,0.002864698104892,0.0163934426229508,0.0987005900208042,738,25,3,100.0,0.0154615734424738,0.176443838108231
312,2 Shorts Iguais Casal Praia 5 Estampas Roupa Combinando,5.0,6.0,8.0,maya,tactel,Sem gênero,primavera/verão,"Amei, nota 10.",Muito bonito! malha otima! adorei! com certeza comprarei mais vezes.,Produto de excelente qualidade.,+50,139.79,1.0,0.00055090348171,0.0491803278688524,0.2198253811261553,500,155,7,50.0,0.0009095043201455,0.0045475216007276
316,Short Saia Rodado Fitness Feminino Roupas Para Academia,4.6,20.0,21.0,própria,poliéster,Feminino,primavera/verão,"Amei veio perfeito.
Material ótimo.",Muito bom. Produto de boa qualidade. Adorei.,"Perfeito amei, o tamanho ideal não é curta,amei.",+100,38.73,0.8518518518518517,0.002093433230498,0.2622950819672131,0.0474915589509225,633,122,7,100.0,0.0100045475216007,0.1173260572987721
320,4 Short Bermuda Masculina Esporte Dry Fit Academia Plus,5.0,6.0,10.0,daze modas,poliéster,Masculino,primavera/verão,"Tecido muito bom e leve pra treinar ou ficar em casa, mas por ser um tecido mt fino recomendo sungas pretas ou da mesma coloração! atenção pra lavagem colocando sempre numa bolsa própria para máquina ou numa fronha pra evitar pelos ou rasgos no tecido.","A bermuda é um pouquinho transparente. Mas amei, ainda não lavei para saber se desbota ou encolhe. Mas o tecido é muito confortável.",Top.,+5,149.91,1.0,0.00055090348171,0.0819672131147541,0.237082637017837,216,122,7,5.0,0.0040927694406548,0.1173260572987721
324,Short Saia Jeans Plus Size Feminino Cintura Alta Com Lycra,4.9,77.0,11.0,stillger jeans,algodão,Feminino,primavera/verão,Perfeito demais!!!.,"Ele é lindo igual da foto,só tem um problema as medidas dele é bem pequena eu uso 48 e pelas medidas da tabela pedi o 52 e ficou perfeito.","Minhas expectativas foram preenchidas, amei. Seguir a dica de pegar um número maior do aue eu visto, fiquei com receio de ficar grande um saco, maia ficou maravilhoso, material ótimo 😍, igual a foto, veste muito bem,.",+100,72.88,0.9629629629629632,0.008373732921992,0.0983606557377049,0.1057262712731489,738,25,7,100.0,0.0154615734424738,0.176443838108231
332,Bermuda Slim Curves Leve Compressão Dilady 105203,4.9,7.0,38.0,dilady,poliamida,Feminino,não definido,"É super confortável para usar por baixo das roupas. A cintura ficou um pouco folgada, mas nada que incomode pois nas pernas ficaram ótimas.",Ótimo o produto.,"Gostei muito, veste muito bem é super confortável e de ótima qualidade.",+100,68.71,0.9629629629629632,0.000661084178052,0.5409836065573771,0.0986153268988097,231,116,1,100.0,0.0013642564802182,0.0195543428831286
341,Kit 3 Bermuda Short Masculino Dry Fit Treino Plus Size,4.5,27.0,10.0,daze modas,poliéster,Masculino,primavera/verão,Ótimo 👍 perfeito.,Perfeitas.,Descosturou a cintura antes mesmo da primeira lavagem.,+100,129.91,0.8148148148148148,0.002864698104892,0.0819672131147541,0.202977388220047,216,122,7,100.0,0.0040927694406548,0.1173260572987721
362,Calça Branca Jeans Feminina Skinny Cintura Alta Com Lycra,4.6,308.0,13.0,stillger jeans,algodão,Feminino,outono/inverno,"Gostei, vestir bem.","Visto 42, vi as medidas e pedi 44, ainda bem, ficou certinha! forma pequena, peçam um número maior.","Tecido bom o caimento ficou perfeito parece sobre encomenda quanto no tamanho na largura, tenho 1,62 peso 62 comprei tam. 42 ficou certinho se tiver outras cores comprarei novamente, ainda não lavei para opinar sobre desbotar ou encolher.",+1000,64.54,0.8518518518518517,0.0338254737769942,0.1311475409836065,0.0915043825244705,738,25,3,1000.0,0.0154615734424738,0.176443838108231
373,Calça Branca Plus Size Enfermagem Com Lycra Feminina Sarja,4.1,16.0,13.0,stillger,algodão,Feminino,outono/inverno,"Gostei muito do tecido,vestiu super bem, cintura alta,perfeita vou compra novamente.",As calças foi pra presente a esposa amou.,"Até tinha gostado até ver essas manchas.
Como vcs me mandam uma calça manchada.",+100,78.64,0.6666666666666666,0.00165271044513,0.1311475409836065,0.1155485829269124,736,25,3,100.0,0.0327421555252387,0.176443838108231
376,Kit 4 Bermuda Masculina Sport Dry Fit  Academia Plus,4.6,11.0,10.0,daze modas,poliéster,Masculino,primavera/verão,Produto bom. Porém pequeno em relação a tabela de medidas.,Ótimo amei grande chega rápido top o tesido super confortável meu filho adorou.,Maravilhoso os shorts !.,+25,159.91,0.8518518518518517,0.00110180696342,0.0819672131147541,0.254135261416732,216,122,7,25.0,0.0040927694406548,0.1173260572987721
379,"Kit Com 4 Short Para Usar Embaixo Da Roupa, Vestido, Saia",4.2,88.0,11.0,silvest lingerie,poliéster,Feminino,primavera/verão,Estou dando 5 estrelas em todos pq tudo que compro no mercado livre e ótimo.,São só fino mais serve pra usar não esquenta sao fresquinho.,"Não veio como na foto.
É minúsculo!.
O tamanho eg adulto doei para uma criança de 9 anos.
O cumprimento das coxas veio errado! na foto mostra uma coisa e veio com 3 dedos !.
Não gostei!.",+1000,57.93,0.7037037037037038,0.009585720581754,0.0983606557377049,0.0802325977968009,719,122,7,1000.0,0.0022737608003638,0.1173260572987721
380,Kit 10 Cuecas Lupo Boxer Masculinas Atacado Box 523 Algodão,4.2,619.0,5.0,lupo,algodão 95%,Masculino,2021,"Horrível, não são originais, tecido áspero, tamanho não veste bem.","Produto de boa qualidade, compraria novamente. Satisfeita.",Excelente fica justinha no corpo bom material.,+1000,179.9,0.7037037037037038,0.0680916703393565,0.0,0.2882234575901231,463,27,0,1000.0,0.0422919508867667,0.003638017280582
388,Macacão Roupa De Apicultor Completa Proteção Contra Abelhas,4.3,178.0,24.0,celi,brim 100% algodão,Sem gênero,não definido,Muito bom o macacão. Consegui retirar as vespas sem problemas. Fica bem fechado. Nem foi necessário fechar botas e luvas com fita. É bem resistente e vai durar bastante tempo.,Ficou ótimo perfeito.,Beleza tudo ok muito boa.,+1000,203.88,0.7407407407407406,0.0195019832525341,0.3114754098360656,0.3291156508986733,177,46,1,1000.0,0.0077307867212369,0.0090950432014552
394,Kit Com 6 Conjuntos Roupas Juvenil Roupa Infantil Menina Top,4.4,20.0,16.0,"analê, hello moda",algodão,Meninas,primavera/verão,Material tecido muito fraco desfiou tudo lavou acabou.,"Comprei pra minha filha, como é muito magra ficou um pouco grande,mas é de excelente qualidade, recomendo.","Os conjuntinhos são de ótima qualidade para o dia a dia, minha afilhada amou todos. O acabamento é muito bom. Recomendo.",+100,197.21,0.777777777777778,0.002093433230498,0.180327868852459,0.3177415504246103,43,25,7,100.0,0.0004547521600727,0.176443838108231
395,Calça Jeans Feminina Super Lipo Sawary Roupas Femininas,4.6,227.0,6.0,sawary,jean,Feminino,outono/inverno,"Comprei 2 tamanhos, o 40 e o 42. Ficaram perfeitas em mim e na minha amiga. Calça linda, tecido grosso. Quero de outras cores tambem.","Calça muito boa. Fica bonita no corpo, da um contorno bonito, principalmente para quem nao tem cintura definida como eu. Eu sou reta na cintura, e sou gordinha uso 46, e com a calca fico bem acinturadinha e por causa da cinta da calça consigo usar blusa mais justa sem parecer o truque kkkkkk.
Nao vai se arrepender. Pode comprar. Bjs.","Peso atualmente 100 kg , comprei o número 48 e ficou perfeita. Vi alguns comentários falando que o tecido era fino ou a forma era pequena e gente serio, a calça é maravilhosa, o tecido de ótima qualidade , tamanho real. Comprem sem medo , eu com certeza irei comprar novamente.",+1000,169.86,0.8518518518518517,0.0249008373732922,0.0163934426229508,0.2711026226936325,692,74,3,1000.0,0.0068212824010914,0.0254661209640745
398,Kit 3 Conjunto Short + Top Nadador Roupas Femininas Academia,4.1,16.0,21.0,akorio,poliéster,Feminino,primavera/verão,"A forma é super pequena, eu uso 38 e o g ficou parecendo p. O tecido é bom, e o acabamento tbm. Problema só na forma mesmo.","Conjunto ótimo, minha filha tem 1,65l7 e 62 quilos, comprei gg, ficou ótimo. Super indico. Vou ficar cliente.",Muito bom amei.,+100,129.91,0.6666666666666666,0.00165271044513,0.2622950819672131,0.202977388220047,21,122,7,100.0,0.0045475216007276,0.1173260572987721
404,Kit 2 Conjuntos Calça Legging E Top Roupas Feminina Academia,4.3,211.0,26.0,não definido,suplex,Feminino,não definido,Eu super amei.,"Produtos de excelente qualidade, recomendo.
Já é a 2 vez que compro. E com certeza irei compre novamente.","Tecido bom, costura reforçada, muito confortável e não fica transparente… confesso que me surpreendeu. Podem comprar sem medo.
Visto 40/42, comprei o g e ficou perfeito.",+1000,99.92,0.7407407407407406,0.0231379462318201,0.3442622950819672,0.151836567647761,575,151,1,1000.0,0.0104592996816734,0.0104592996816734
406,Short Jeans Feminino Cintura Alta Levanta Bumbum Com Lycra,4.3,77.0,8.0,stillger,algodão,Sem gênero,primavera/verão,"Não encolhe nem desbota.
Perfeito.","Veio numeração errada,uma pequena e as outras grandes demais.",Top caiu mt bem cada detalhe.,+100,49.99,0.7407407407407406,0.008373732921992,0.0491803278688524,0.0666928140240783,736,25,7,100.0,0.0327421555252387,0.176443838108231
418,Calça Feminina Lycra Cintura Alta Empina Bumbum,4.6,105.0,10.0,thamuz,sarja,Feminino,primavera/verão,"Amei a calca ficou perfeita, tinha comprado o tamanho 44 mas ficou grande devolvi e pedir o número 42 ficou linda tecido ótimo não fica transparente.","Linda! medida perfeita, porém um pouco transparente.","Ótimo produto, bom caimento e tecido confortável. Recomendo.",+1000,74.49,0.8518518518518517,0.011458792419568,0.0819672131147541,0.108471743801371,760,138,7,1000.0,0.0009095043201455,0.0154615734424738
425,Kit 3 Bermuda Masculina Jeans Plus Size Lycra Elastano,4.9,19.0,30.0,galanteador,algodão,Masculino,primavera/verão,"Meu irmão amou recomendo, veio tudo certinho, super confortável.
Alt: 1,88.
Peso: 130kg.
Tamanho: 56.",Eu achei ótimo.,"Excelente, vou até comprar mais, show.",+100,283.73,0.9629629629629632,0.001983252534156,0.4098360655737705,0.4652808567238498,320,25,7,100.0,0.0027285129604365,0.176443838108231
429,5 Shorts Canelado Feminino Shortinho Soltinho Verão Atacado,4.2,23.0,10.0,gata rebelde,canelado,Feminino,primavera/verão,Ótimo cores lindas material muito bom.,Ótimo.,Produto atendeu cem por cento.,+100,77.17,0.7037037037037038,0.002423975319524,0.0819672131147541,0.1130418471402749,322,53,7,100.0,0.0068212824010914,0.0013642564802182
432,Kit 10 Cuecas Lupo Boxer Masculinas Atacado Box 523 Algodão,4.2,619.0,5.0,lupo,algodão 95%,Masculino,2021,"Horrível, não são originais, tecido áspero, tamanho não veste bem.","Produto de boa qualidade, compraria novamente. Satisfeita.",Excelente fica justinha no corpo bom material.,+1000,179.9,0.7037037037037038,0.0680916703393565,0.0,0.2882234575901231,463,27,0,1000.0,0.0422919508867667,0.003638017280582
434,Macacão Roupa De Apicultor Completa Proteção Contra Abelhas,4.3,178.0,24.0,celi,brim 100% algodão,Sem gênero,não definido,Muito bom o macacão. Consegui retirar as vespas sem problemas. Fica bem fechado. Nem foi necessário fechar botas e luvas com fita. É bem resistente e vai durar bastante tempo.,Ficou ótimo perfeito.,Beleza tudo ok muito boa.,+1000,203.88,0.7407407407407406,0.0195019832525341,0.3114754098360656,0.3291156508986733,177,46,1,1000.0,0.0077307867212369,0.0090950432014552
441,Kit 10 Cuecas Boxer Mash Algodão Cotton Box Original Oferta,4.6,1700.0,22.0,mash,algodão,Masculino,primavera/verão,"As cuecas são boas, porém meu marido usa g e pedir gg por causa dos outros comentários de compradores que falaram ser forma pequena. Então ficaram muito grandes!!! com certeza logo vão lacear por esse motivo. Tentar lavar a mão para evitar que fique caindo tão rápido. Recomendo a compra, porém podem pedir o tamanho correto que usam. Sem essa presepada de pedir tamanho maior. Sobre qualidade somente depois de lavar para saber ao certo!!! na próxima, pedirei o número que ele realmente usa.","E o tamanho certo, mas em baixo dela, fica muito curto, apertado demais. Aperta todos os ovos, na moral me arrependo de ter comprado. Nesse valor ainda, melhor ter comprado da lupo.","Produto não parece.
Original e veio 2 modelos completamente distintos. Costuras grosseiras, elastico parece esgarçado e com rebarbas.",+10mil,229.39,0.8518518518518517,0.1871970030850595,0.2786885245901639,0.3726168957402544,494,25,7,10000.0,0.0109140518417462,0.176443838108231
443,"Bermuda Térmica Masculina Esportiva Corrida, Academia Treino",4.8,1003.0,26.0,keeper,microfibra,Masculino,primavera/verão,"Uso 44 o que teoricamente seria tamanho m pela tabela da fabricante, mas comprei a g por precaução e dei sorte pq se tivesse comprado m não teria servido, a g já ficou em cima da risca.","Meu esposo usa 44 e pegamos g pq vimos nos comentários que a forma é pequena.
E é realmente! quem veste m, melhor pegar g!.
O material é simplesmente maravilhoso!!!!!.
Vale muito a pena a compra. Iremos pegar outras!!!!.","Tenho 1,84 de altura e 68 kg, peguei o tamanho m e ficou um pouco pequeno, devia ter pego o g, mas o produto estica e é bem maleável, fica bem justo e proteje bem do frio.
Exelente produto, recomendo.",+10mil,49.89,0.925925925925926,0.1104010577346849,0.3442622950819672,0.0665222877800893,406,101,7,10000.0,0.0086402910413824,0.0300136425648021
456,Calça Levi's 501 Original Masculina 100% Algodão Importada,4.4,28.0,5.0,levi's,algodão,Masculino,primavera/verão,"É um jeans raiz, isto é, sem elastano, sem fibra sintética, só algodão grosso. É um pouco justa nas coxas e considero a numeração um número menor que o indicado. Por saber disto, comprei um número maior que o que eu uso. Eu recomendo.",Quem conhece confia. Levis é marca de qualidade. Tem que ficar atendo só pra ver se é original mesmo.,Calça 100 % original. Podem comprar tranquilos é coisa top !.,+100,315.1,0.777777777777778,0.002974878801234,0.0,0.5187749394631835,436,25,7,100.0,0.0090950432014552,0.176443838108231
459,Kit 4 Bermuda Dry Fit Masculina Poliéster Plus Size,4.8,14.0,10.0,daze modas,poliéster,Masculino,primavera/verão,Um pouco comprida.,Perfeito.,"Gostei das bermudas, bem confortável, comprimento perfeito ,um pouco tranparente. Mais é boa e bonita.",+100,159.91,0.925925925925926,0.001432349052446,0.0819672131147541,0.254135261416732,216,122,7,100.0,0.0040927694406548,0.1173260572987721
460,Conjunto Térmico Infantil Criança Forro Fleece Segunda Pele,4.9,23.0,5.0,roupa zero grau,poliéster,Sem gênero infantil,outono/inverno,"Adorei, comprei para meu filho de 3 anos, ficou um pouco folgadinho, porém eu qria q ficasse mesmo. É otimo pra usar em baixo do uniforme no frio. Meu filho tem 3 anos, mas usa roupas 4, é magro pesa 15 quilos, tem quase um metro de altura. Se pesar até uns 20 o 4 dá de boa.",Gostei bastante do material.,Muito bom meu filho usa bastante bia qualidade.,+100,78.03,0.9629629629629632,0.002423975319524,0.0,0.1145083728385798,669,122,3,100.0,0.0022737608003638,0.1173260572987721
463,Short Essential 9 Masculino Olympikus Novo,4.3,16.0,22.0,olympikus,poliéster,Masculino,primavera/verão,G e muito grande.,Lindo o short.,"Tecido muito frágil, não condiz com o valor que é ofertado… material de qualidade abaixo do padrão.",+50,119.47,0.7407407407407406,0.00165271044513,0.2786885245901639,0.1851744483476007,579,122,7,50.0,0.0022737608003638,0.1173260572987721
474,Bermuda Jeans Stretch Lycra Masculina Plus Size 58 Ao 62,4.5,10.0,7.0,exposição paulista,algodão,Masculino,primavera/verão,"Não comprei errado,mas cuidado devesse comprar dois números maior,a confecção e pequena.
Gostaria de mais opções.",Mercadoria excelente.,Ótimo produto.,+100,78.46,0.8148148148148148,0.000991626267078,0.0327868852459016,0.1152416356877323,280,25,7,100.0,0.0013642564802182,0.176443838108231
485,Faixa Peitoral Ginecomastia Pós Cirurgico Masculino Conforto,4.3,8.0,18.0,men'spa,"82% poliéster, 18% elastodieno",Masculino,não definido,"Diminuiu visivelmente o tamanho do peito, não marca nas camisetas o que é excelente, chega de constrangimentos por conta da ginecomastia, só tenho a agradecer pelo produto, eu recomendo, curtam meu comentário caso tenha ajudado em suas dúvidas.",Perfeito.,"Adorei ficou perfeito, do jeitinho que eu imaginava, amei.",+50,119.31,0.7407407407407406,0.000771264874394,0.2131147540983606,0.1849016063572184,507,10,1,50.0,0.001819008640291,0.001819008640291
487,Macacão Apicultor Roupa Proteção Abelha Com Máscara + Brinde,4.1,331.0,10.0,celi,algodão,Sem gênero,não definido,Bom produto so uma resalva quando alguem for fazer o pedido pede um numero maior do que vc costuma usar exp. Se vc usa roupas g pede o macacao gg ou xg pra ficar com folga. No restante tudo certo.,Eu achei muito fino o tecido poderia ser mais grosso fui tirar uma abelha levei algumas ferruado.,Otimo.,+1000,166.21,0.6666666666666666,0.0363596297928602,0.0819672131147541,0.2648784147880358,177,25,1,1000.0,0.0077307867212369,0.176443838108231
488,Kit 10 Cuecas Boxer Lupo Cueca Box Algodão Masculina Atacado,4.5,3034.0,18.0,lupo,algodão,Masculino,outono/inverno,"As cuecas são boas; porém você percebe na costura que não são originais! já experimentei duas brancas, e o mesmo acontece com as duas, quando eu subo a cueca, ela dá um estralinho como se tivesse rasgado e quando olhei, soltou um pouco da costura de lado! tem que vestir com muito cuidado! fora isso, é uma replica muito bem feita da original! aaah. Não gostei muito do elastico de cima! é muito curtinho, queria q fosse maior. Mas resumindo: cueca bem confortavel, nao dobra e nem sobe.","Pelo preço promocional, com ctz tem algum defeito de fabricação. Pq não é normal furar a cueca na imenda na primeira vez que vc usa. Infelizmente isso aconteceu comigo e não foi só com uma cueca e sim com 3 unidades. Agora eu não sei o que é pior, perder 16 reais do valor da cueca usando ela apenas algumas horas ou ficar com a cueca furada no trabalho.","Serviram muito bem, porém é nítido que o pano não é algodão, e posso confirmar a diferença pois possuo o mesmo modelo de cuecas lupo que comprei em outra ocasião e comparando ambos os panos e costuras essa diferença fica notável.
Pelo custo beneficio e mesmo sendo um material diferente, aparenta valer a pena, porém, só o tempo (e algumas lavagens rs) irá dizer se é de qualidade.",+10mil,232.89,0.8148148148148148,0.3341780520052886,0.2131147540983606,0.3785853142798676,463,25,3,10000.0,0.0422919508867667,0.176443838108231
496,Kit Com 10 Cuecas Boxer Algodão Sem Costura Zorba 781,4.7,5682.0,20.0,zorba,algodão,Masculino,não definido,"O tecido é bom e são confortáveis. Só que a numeração não é precisa, visto 40 então tentei comprar a p conforme especificado no guia de tamanho. Porém, para minha sorte não tinha mais p disponível e eu comprei m. O resultado é que caiu perfeitamente. Então uma dica é comprar um tamanho maior. Antes deixar o bicho solto do quê sem ar.","Vendo comentários de outros consumidores vejo que quanto ao tamanho realmente há problemas; tenho 1. 85 e peso 88 kg, pedi o tamanho maior disponível, gg, e ficou um pouco apertado mesmo assim. Já comprei em lojas exatamente a mesma medida e dá pra notar a diferença. Mas no geral o produto é bom, só atentem para o tamanho.","Produto não é nem de longe original, tecido grosso e com pouco elastano.",+50mil,199.9,0.888888888888889,0.625936535918907,0.2459016393442623,0.3223287063879131,838,25,1,50000.0,0.0090950432014552,0.176443838108231
514,Kit 2 Calça Jeans Lycra Masculina Tamanho Especial Plus Size,4.1,11.0,24.0,galanteador,algodão,Masculino,primavera/verão,Bom.,"Poxa o tamanho ficou perfeito, só a cor que eu escolhi jeans clara veio jeans normal.",Gostei tamanho bom confortável vo compra mas.,+50,259.52,0.6666666666666666,0.00110180696342,0.3114754098360656,0.423996453054125,320,25,7,50.0,0.0027285129604365,0.176443838108231
536,Roupa Térmica Frio Forro Peluciado Blusa+calça+luva+meia,4.1,28.0,16.0,roupa zero grau,poliester fleece,Feminino,outono/inverno,"Blusa enorme. Deve ser masculina. Não tem como usar embaixo de outra pois é grande demais. As luvas, um horror: meu filho tem 8 anos, a luva é pequena demais, serve numa criança de 2 anos. A minha luva veio sem os dedos. Inviável usar no frio aqui do sul.
Vontade de devolver e pedir estorno.","A calça em si é muito bonita, veste muito bem, porém não é grossa e não é impermeável. Fiz um teste com água e molhou um pouco.","Gostei muito, só achei a luva pequena demais.",+100,149.91,0.6666666666666666,0.002974878801234,0.180327868852459,0.237082637017837,669,118,3,100.0,0.0022737608003638,0.0004547521600727
540,Macacão Apicultor Roupa Proteção Abelha Com Máscara + Brinde,4.1,331.0,10.0,celi,algodão,Sem gênero,não definido,Bom produto so uma resalva quando alguem for fazer o pedido pede um numero maior do que vc costuma usar exp. Se vc usa roupas g pede o macacao gg ou xg pra ficar com folga. No restante tudo certo.,Eu achei muito fino o tecido poderia ser mais grosso fui tirar uma abelha levei algumas ferruado.,Otimo.,+1000,166.21,0.6666666666666666,0.0363596297928602,0.0819672131147541,0.2648784147880358,177,25,1,1000.0,0.0077307867212369,0.176443838108231
550,Kit 2 Cuecas Boxer Lupo Basic Microfibra Sem Costura Box,4.8,1429.0,30.0,lupo,microfibra,Masculino,primavera/verão,Excelente produto e muito durável. Não sei como vai ser pq este produto dura muito. Comprei novo conjunto depois de quase 3 anos. Então se você quiser esquecer de comprar cueca pelo menos por 3 anos este é o produto ideal.,"Já conhecia esse produto de alta qualidade e preço baixo, tenho uma cueca dessa a 5 anos e ainda vai servir por mais tempo kkk, as cuecas de poliamida da lupo são excelentes, já as de algodão não duram um mês, não comprem as de algodão, comprem essa de poliamida são muito boas e bem duráveis m.","Produto original, estava com medo de comprar e não ser igual ao original porém me surpreendeu a qualidade do produto em breve vou comprar mais cuecas!.",+10mil,69.99,0.925925925925926,0.1573380343763772,0.4098360655737705,0.1007980628218682,463,101,7,10000.0,0.0422919508867667,0.0300136425648021
551,Kit 3 Calça Jeans Feminina Levanta Bumbum Cintura Alta,4.3,312.0,5.0,stillger,algodão,Feminino,outono/inverno,"Maravilhoso, super recomendo, ficou perfeita 👏👏👏.",Pedi um produto veio outro sem falar no tamanho.,"Do kit, uma calça ficou perfeita, uma ficou boa e a outra não serviu, ficou pequena, pedi a loja para trocar somente a que não serviu, pois como eu só experimentei uma achei que daria certo as outras e já usei, quando fui usar a terceira, não serviu. A resposta da loja foi que só troca o kit inteiro. Mas como vou trocar um kit de calças 38 por outro kit de calça 38 se apenas 1 veio no tamanho errado?.",+1000,174.24,0.7407407407407406,0.0342661965623622,0.0,0.2785716721803485,736,25,3,1000.0,0.0327421555252387,0.176443838108231
560,Short Jeans Feminino Com Elastano Barra Dobrada Cintura Alta,4.7,27.0,11.0,menina linda,jean,Feminino,primavera/verão,"E lindoooo igual na foto, acabamento e caimento perfeitos! pena que pedi um número maior, uso 38 e pedi 40, ficou enorme, talvez até o 36 serviria, pois, possui bastante elastano, vou pedir outro menor! tenho 1, 64m e 60kg.",Showperfeito!.,Perfeito☺️☺️☺️.,+100,49.49,0.888888888888889,0.002864698104892,0.0983606557377049,0.0658401828041335,509,74,7,100.0,0.0100045475216007,0.0254661209640745
567,Kit 4 Conjuntos Fitness Top E Short Roupas Feminina Academia,4.3,18.0,28.0,não definido,poliéster,Feminino,não definido,"O produto atende as expectativas pelo valor pago, o preto e o cinza tem melhor qualidade e caimento no corpo, dá próxima vez pedirei só essas cores, comprarei novamente.",Achei muito legal eu recomendo 🙏👍.,Eu achei ótimo vou compra mas se estiver com leg.,+100,176.36,0.7407407407407406,0.001873071837814,0.3770491803278688,0.2821868285529143,575,122,1,100.0,0.0104592996816734,0.1173260572987721
569,Kit Atacado 3 Calça Jeans Masculina Tradicional  (sortidas),4.6,1872.0,8.0,moralice,jean,Masculino,primavera/verão,Excelente produto ficou perfeita não precisou nem fazer banhia uma das coisas que me irrita nas calças que comprava na loja era os bolsos muito pequeno o celular ficava metade para fora já está vem com bolsos grandes perfeito outra coisa que gostei é que o tecido tem um pouco de elasticidade tornando a calda bem confortável para mim que ando de moto ficou perfeita recomendo futuramente comprarei mais 3 para meu sobrinho que já ficou de olho nas minhas kkk.,"Para o dia no trabalho, recomendo. Porém faço uma observação: mesmo sendo todas mesmo número, existe uma diferença na cintura, a que tem a mancha ficou bem justa, a clara um pouco mais folgada, e a escura em relação a mancha tem 2 cm diferença. Resolvam está situação nas próximas. Vai dar pra usar, mas se encolher na lavagem, uma ficará apertada demais.","Produto bom , medidas bem tradicional mesmo. Sem essa de apertar as pernas ,a bunda e as demais partes do homem ,a medida ficou ótima mas acredito que homens que usem acima de 44 precisa pedir um número a mais um detalhe que não gostei foram os bolsos rasos. No mais custo benefício ótimo ,jeans bom , lavagem boa , modelagem cumpre o que prometeu.",+10mil,189.88,0.8518518518518517,0.2061480828558836,0.0491803278688524,0.3052419767402203,536,74,7,10000.0,0.0009095043201455,0.0254661209640745
584,Calça Menino Menina Infantil Moletom Flanelado 1 Ao 8,3.8,17.0,40.0,colbacho,moletom,Meninos,outono/inverno,"Tamanho eh bem pequeno, tecido eh fino.","O produto é bom, coube certinho nos meus filhos, os tamanhos corresponderam corretamente. Encolheu um pouco depois que lavei e está ficando com aspecto ""surrado"" com o uso. Eu pedi azul royal, e veio para mim um cor mais para azul turquesa. Pretendo comprar no futuro, quando precisar, mas não criando expectativas sobre a cor ser exatamente o que busco. Recomendo sim. São boas peças.",Sensacional tecido resistente serviu certinho lavei não encolheu não desbotou.,+100,37.66,0.5555555555555555,0.001762891141472,0.5737704918032788,0.0456669281402407,192,107,3,100.0,0.0054570259208731,0.0027285129604365
593,Kit 3 Short Jeans Feminino Cintura Alta Barato Atacado,4.4,507.0,9.0,menina linda,jean,Feminino,primavera/verão,"Estou encantada com essas peças!.
Os shorts são lindos e super confortáveis, comprem sem medo!.","Recomendo, tecido confortável, igual a foto.","Gostei muito dos shorts, material bom, para usar no dia a dia está ótimo.",+1000,129.2,0.777777777777778,0.0557514323490524,0.0655737704918032,0.2017666518877255,509,74,7,1000.0,0.0100045475216007,0.0254661209640745
597,Kit 02 Calças Jeans Feminina Skinny Cintura Alta Modeladora,4.4,30.0,8.0,stillger jeans,algodão,Feminino,outono/inverno,Eu amei as calças tdo perfeito.,"Pedi 40 e achei que elas seriam o msm formato, mas não é, a calça clara é um 38 no máximo e a mais escura é sim 40, dei a calça clara mas vou ficar com a escura.",Gostei. Só a costura de uma é torta na perna mas usei igual. Tamanho conforme as medidas.,+100,139.61,0.777777777777778,0.003195240193918,0.0491803278688524,0.2195184338869752,738,25,3,100.0,0.0154615734424738,0.176443838108231
604,Kit 3 Calça Jeans Feminina Levanta Bumbum Cintura Alta,4.3,312.0,5.0,stillger,algodão,Feminino,outono/inverno,"Maravilhoso, super recomendo, ficou perfeita 👏👏👏.",Pedi um produto veio outro sem falar no tamanho.,"Do kit, uma calça ficou perfeita, uma ficou boa e a outra não serviu, ficou pequena, pedi a loja para trocar somente a que não serviu, pois como eu só experimentei uma achei que daria certo as outras e já usei, quando fui usar a terceira, não serviu. A resposta da loja foi que só troca o kit inteiro. Mas como vou trocar um kit de calças 38 por outro kit de calça 38 se apenas 1 veio no tamanho errado?.",+1000,174.24,0.7407407407407406,0.0342661965623622,0.0,0.2785716721803485,736,25,3,1000.0,0.0327421555252387,0.176443838108231
630,Kit 4 Camisa Plus Size Blusa Academia Ginástica Dryfit,4.6,56.0,23.0,camiseta uv masculina camisa,sun protective uv poliéster (100%),Masculino,não definido,Excelente produto.,Veste bem. Pelo preço a qualidade é bem boa.,Ótima qualidade.,+100,145.41,0.8518518518518517,0.00605993829881,0.2950819672131147,0.2294089560383343,168,150,1,100.0,0.0013642564802182,0.0004547521600727
644,Bermuda Juvenil Jeans Masculino Roupa Short Menino,4.9,14.0,11.0,nacional,jeans,Meninos,primavera/verão,"Muito linda!!!.
Meu filho amou!!.","Produto de qualidade, gostei muito bem acabado melhor de que esperava recomendo.","Gostei muito, e compraria novamente.",+100,52.16,0.9629629629629632,0.001432349052446,0.0983606557377049,0.0703932335186385,557,75,7,100.0,0.003638017280582,0.0300136425648021
648,Kit 3 Short Jeans Feminino Cintura Alta Barato Atacado,4.4,507.0,9.0,menina linda,jean,Feminino,primavera/verão,"Estou encantada com essas peças!.
Os shorts são lindos e super confortáveis, comprem sem medo!.","Recomendo, tecido confortável, igual a foto.","Gostei muito dos shorts, material bom, para usar no dia a dia está ótimo.",+1000,129.2,0.777777777777778,0.0557514323490524,0.0655737704918032,0.2017666518877255,509,74,7,1000.0,0.0100045475216007,0.0254661209640745
649,Kit 2 Calças Jeans Masculina Com Lycra.,4.6,2146.0,5.0,almix,jean,Masculino,primavera/verão,"Obs: eu não suporto calças apertadas , e nem muito largas.
Numeração ( 42 ). Ficou ótima em mim.
Tenho 1. 80 de altura e uns 75kg.
Na cintura e nas coxas, ficou muito boa , ou seja.
- não ficou apertado e nem muito largo. ( ficou legal ).
Do joelho para baixo , ficaram retas ou seja, não tem modelagem , más, tbem não ficou feio , pois não ficou larga.
- elas ficam alinhado com o corpo , porém, não apertado.
Então ela é uma boa escolha para compra.
Porém , só um alerta !.
* ela é fina , tecido leve.
* comprimento é super grande.
Resumindo.
De 1 á 10 , ela valeu uns ( 8 ).","Gostei, as calças vestem bem, são confortáveis e o tecido tem qualidade. Por ter gostado resolvi comprar outro kit com três calças. Nesse kit tenho um reparo a fazer: a numeração que pedi foi 40 e a calça azul clara, apesar de ter na etiqueta a numeração 40, tinha o tamanho correspondente a 42 ou 44. Ficará grande e terei que mandar ajustar. O controle de qualidade poderia ser melhor efetuado nesses casos. No mais nada a reclamar.","Recomendo ótimo jeans tenho 1. 80 altura e 97 kg a número 48 ficou ótimo se eu quiser vou fazer é só o abanhado mas não fiz dobrei por dentro nem se percebe , não ficou colada no corpo que pra mim é ótimo.
Comprarei novamente em breve.
Que deus abençoe a todos.",+10mil,134.3,0.8518518518518517,0.2363375936535919,0.0,0.210463490331162,26,74,7,10000.0,0.0054570259208731,0.0254661209640745
669,2 Conjuntos Ciclista Liso + Top Roupas Femininas Academia,4.7,12.0,13.0,akorio,poliéster,Feminino,primavera/verão,"Gostei muito, estampas animadas que fazem toda a diferença para um treino.",Muito confortável !.,"Gostei do material, tamanho e o corte.",+100,78.72,0.888888888888889,0.001211987659762,0.1311475409836065,0.1156850039221036,21,122,7,100.0,0.0045475216007276,0.1173260572987721
674,5 Shorts De Dormir Algodão Masculino Com Estampas Discreta,4.0,10.0,5.0,brotta,algodão,Masculino,não definido,"Produdo e razoavel,pelo preço esta bom e cofortavel.","O produto anunciado como de algodão 100% mas descobri após a empregada ter lavado, que não é.",Acabamento deixa desejar.,+25,129.4,0.6296296296296297,0.000991626267078,0.0,0.2021077043757034,149,25,1,25.0,0.0004547521600727,0.176443838108231
682,Kit 3 Calças Jogger Moda Juvenil Oferta Roupa Mocinhas Luxo,4.4,65.0,5.0,ak fashion kids,bengaline,Meninas,primavera/verão,Muito bonito e tamanho ficou bom 👍 minha filha amou.,"As calças são lindas e confortáveis. Ainda não lavei, mas amei. Vieram muito bem embaladas e cheirosas. Só tomem cuidado com o tamanho, elas são pequenas. Minha filha veste normalmente 12, e a calça 14 ficou certinha. Segui as medidas da descrição.",Amei 💗. Super recomendo.,+100,164.65,0.777777777777778,0.007051564565888,0.0,0.2622182053818082,19,41,7,100.0,0.0027285129604365,0.003638017280582
693,Bermuda Térmica Anti Assadura Feminina Shorts Esporte Novo,4.9,14.0,21.0,keeper,microfibra,Feminino,primavera/verão,Qualidade muito boa.,Tecido muito bom e de qualidade excelente.,Recomendo.,+100,42.9,0.9629629629629632,0.001432349052446,0.2622950819672131,0.0546025033252617,406,101,7,100.0,0.0086402910413824,0.0300136425648021
700,Shorts Masculino Essentials Logo adidas,4.8,32.0,30.0,adidas,poliéster,Masculino,não definido,"Ele é perfeito.
Sou personal e ele tá me ajudando muito qdo meu uniforme não está limpo.",Muito bom 👏🏽.,Ele e top so qui eu comprei p e ficou muito pequeno 😥😥.,+100,199.99,0.925925925925926,0.003415601586602,0.4098360655737705,0.3224821800075031,13,122,1,100.0,0.0109140518417462,0.1173260572987721
703,Kit 4 Cuecas Boxer Lupo Em Algodão Masculina Cotton Original,4.6,2384.0,22.0,lupo,algodão,Masculino,primavera/verão,"Muito bom , eu sempre gostei de usar cueca com folga mas resolvi seguir as orientações das medidas na tabela e ficou ótimo. Peguei a m (normalmente pego um tamanho acima) mas ficou muito bom, perfeito. Se tivesse arriscado no tamanho g teria ficado muito largo. Tenho 1. 75 altura e 76kg.",As cuecas são de péssima qualidade as mais falsas que existe. Eu uso cuecas lupo há muito tempo não gostei porque é anunciado como original. Estou só o ódio.,"Eu tenho 1,80 e peso 80 kg, a g ficou perfeita.",+10mil,89.9,0.8518518518518517,0.2625605993829881,0.2786885245901639,0.1347498380000682,463,25,7,10000.0,0.0422919508867667,0.176443838108231
712,Short Jeans Feminino Cintura Alta Com Lycra Barra Desfiada,4.4,239.0,6.0,stillger,algodão,Feminino,primavera/verão,"O short é bom, so que seu tamanho é diferente só que promete.",Perfeito!.,Veste surpe bem.,+1000,44.29,0.777777777777778,0.0262230057293962,0.0163934426229508,0.0569728181167081,736,25,7,1000.0,0.0327421555252387,0.176443838108231
715,Calça Jeans Feminina Flare Cós Alto Levanta Bumbum Hot Pants,4.4,1028.0,12.0,tizioti,algodão,Feminino,outono/inverno,"Maravilhosa! dificilmente acho calça jeans que fique boa. Mas essa é perfeita, é linda, modela o corpo, o tecido não é mto grosso, mas eu gosto assim. Pra quem não gosta mto apertado peça um número a mais, ela é pequena! a minha quase não entra, mas é pq engordei 2 kgkkkkkkk, uso 36. Obrigada, obrigada, obrigada! façam mais cores nesse modelo, pfvr ??.","Material de boa qualidade, veste bem, porém para mulheres altas como eu (1. 71cm) essa calça ficou pequena no comprimento e justa demais, comprei no tamanho que uso (38) e peso 58kg. Recomendo o produto para mulheres mais baixas de até 1. 69cm e comprem uma numeração a mais vai ficar mais confortável.
Obs: poderiam fazer calças no comprimento de 113cm em vez de 100cm. Sou alta e amo calças jeans, o difícil é achar o comprimento correto!.
Mas o produto é bom e recomendo.","Primeiro comprei a calça seguindo os comentários, muitas dizem que o tecido é leve, ao contrário, é bem grosso, numeração não existe, uso 38 e meço 1,58, fui pela tabela deles, então quem usa 40 deve pegar o 46, uso 38 peguei o 46 para ficar larguinha, na coxa ficou apertada, na cintura ficou justa e não folgada como eu queria, na altura passaram 10 centímetros, ainda bem tenho máquina de costura em casa, como preciso de uma calça preta para amanhã, não vou devolver e já comecei a reformar. Resumindo, precisam acertar a tabela e principalmente usarem as medidas corretas.",+10mil,74.17,0.777777777777778,0.1131555751432349,0.1147540983606557,0.1079260598206064,766,25,3,10000.0,0.0009095043201455,0.176443838108231
722,Short Lipo Cinta Cintura Alta Power Barriga Modeladora Prada,4.5,27.0,11.0,stillger,poliéster,Feminino,primavera/verão,"Ele é lindo e veste muuuuito bem! o zíper é falso, mas o short segura bem e deixa o corpo desenhado! comprei baseada noa comentários e peguei a g. Apertou sem machucar e modelou bem! tenho 1,60 e 80kg. Adorei. !.","Top top 😍🤌🏻.
Super recomendo.",Comprime muito bem e super confortável.,+100,49.41,0.8148148148148148,0.002864698104892,0.0983606557377049,0.0657037618089424,736,122,7,100.0,0.0327421555252387,0.1173260572987721
740,Roupa Térmica Flanelada Kit 2 Calças + 2 Blusas Segunda Pele,4.4,128.0,10.0,sm,poliéster,Masculino,outono/inverno,Excelente! mantém a temperatura do corpo. Utilizado a 7 graus negativos.,Cumpriu ojetivo que é aquecer o corpo na neve. Muito bom.,Adequado para uso em temperaturas baixas.,+1000,189.73,0.777777777777778,0.0139929484354341,0.0819672131147541,0.3049861873742369,723,122,3,1000.0,0.0013642564802182,0.1173260572987721
746,Calça Jeans Feminina Super Lipo Sawary Roupas Femininas,4.5,151.0,6.0,sawary,jeans,Feminino,outono/inverno,"Amei a calça, ela tem bastante lycra, por esse motivo se ajusta muito bem e o corpo fica maravilhoso nela, cumpre o que promete sem nada de barriga, segui a tabela de medidas e deu certinho. E se estiver com duvida na numeração chute um numero a menos pois estica bemmm, enfim agora quero uma de cada cor, super recomendada!!!!.","A calça realmente comprime muito bem a região da barriga, comprei esse jeans que parece meio manchado como na foto, mais ao vivo é um jeans meio escuro sem detalhe nenhum.","Calça é simplesmente perfeita qualidade muito boa, podem compra sem medo, só vai reclama quem não sabe o que qualidade. Única dica que dou é comprem um número maior que o seu.",+1000,172.51,0.8148148148148148,0.0165271044513001,0.0163934426229508,0.2756215681593397,692,75,3,1000.0,0.0068212824010914,0.0300136425648021
749,Kit 03 Bermudas Jeans Vira Lata Original,3.5,4.0,10.0,vira lata wear,jeans,Masculino,primavera/verão,Das três uma veio muito pequena.,Ficou meio apertado mais gostei.,Não gostei pq o material não é como nas fotos.,+50,159.91,0.4444444444444445,0.000330542089026,0.0819672131147541,0.254135261416732,801,75,7,50.0,0.0013642564802182,0.0300136425648021
753,Kit 2 Shorts Bermuda Anagua Segunda Pele P/ Usar C/ Roupas,3.8,18.0,15.0,beleza feminina,microfibra,Unissex,primavera/verão,Tecido horrível.,"Muito bom,,,, recomendo.","É um short. Largo fica subindo, pequeno, fica marcando a coxa.",+100,50.26,0.5555555555555555,0.001873071837814,0.1639344262295082,0.0671532348828484,117,101,7,100.0,0.0004547521600727,0.0300136425648021
760,Short Jeans Plus Size Cintura Alta Barra Desfiada Com Lycra,4.4,10.0,7.0,stillger jeans,algodão,Feminino,primavera/verão,"Eu visto 48. Comprei 50 para ficar larguinho, mas é forma pequena, pq minha prima veste 46 e ficou perfeito nela. Em mim ficou mega apertado.
Forma extremamente pequena.",Muito bom recomendo.,"Produto muito bom , mais a modelagem é pequena.
Mais é lindo !.",+100,64.76,0.777777777777778,0.000991626267078,0.0327868852459016,0.0918795402612462,738,25,7,100.0,0.0154615734424738,0.176443838108231
764,Short Saia Jeans Plus Size Feminino Cintura Alta Com Lycra,4.9,77.0,11.0,stillger jeans,algodão,Feminino,primavera/verão,Perfeito demais!!!.,"Ele é lindo igual da foto,só tem um problema as medidas dele é bem pequena eu uso 48 e pelas medidas da tabela pedi o 52 e ficou perfeito.","Minhas expectativas foram preenchidas, amei. Seguir a dica de pegar um número maior do aue eu visto, fiquei com receio de ficar grande um saco, maia ficou maravilhoso, material ótimo 😍, igual a foto, veste muito bem,.",+100,72.88,0.9629629629629632,0.008373732921992,0.0983606557377049,0.1057262712731489,738,25,7,100.0,0.0154615734424738,0.176443838108231
767,Shorts Masculino Essentials Woven adidas,4.7,28.0,16.0,adidas,poliéster,Masculino,não definido,Super recomendo.,Lindo e muito confortável.,Ótimo.,+100,179.99,0.888888888888889,0.002974878801234,0.180327868852459,0.2883769312097132,13,122,1,100.0,0.0109140518417462,0.1173260572987721
770,Conjunto Térmico Inverno Forrado 2ªpele + Gorro +luva Touch,4.6,44.0,5.0,hype shop,"poliéster peluciado por dentro, com elastano",Sem gênero,não definido,"Qualidade boa, tamanho bom!.","Adorei ,super quentinho.",Ok.,+100,168.36,0.8518518518518517,0.004737769942706,0.0,0.2685447290337983,360,124,1,100.0,0.0004547521600727,0.0004547521600727
771,Kit 3 Conjunto Menino Roupa Infantil Shorts Moletom Tactel,4.7,7.0,10.0,kn3kids,algodão,Meninos,primavera/verão,Muito bom.,Não gostei muito porque um dos conjuntos veio com a costura torta.,Bom compraria de novo veste bem.,+25,122.61,0.888888888888889,0.000661084178052,0.0819672131147541,0.1905289724088537,417,25,7,25.0,0.0009095043201455,0.176443838108231
795,Kit 2 Calça Moletom Masculina Plus Size Extra G G1 G2 G3 G4,4.4,40.0,10.0,daze,moletom,Masculino,outono/inverno,"O produto é mal confeccionado, curto demais. Eu tenho 1. 83 e fico com as canelas de fora. Os bolsos são tão pequenos que minhas mãos não cabem e tem buracos dentro provenientes de defeitos na costura.
O tecido e bom, confortável e quente, mas a confecção deixa muito a desejar.","As calças são lindas e com cores neutras e ótimas, a única coisa é que a calça cinza clara encolheu demais na primeira lavagem, ficou quase 1 palmo menor do que a calça preta. Por sorte não perdemos ela, ficou em cima, mas foi por muito pouco.","Tenho 1,87 e 138 kilos, o g4 é perfeito.",+100,169.91,0.777777777777778,0.004297047157338,0.0819672131147541,0.271187885815627,215,107,3,100.0,0.0004547521600727,0.0027285129604365
805,Calça Wide Leg Plus Size Jeans Levanta Bumbum Cintura Alta,4.9,18.0,10.0,stillger,algodão,Feminino,outono/inverno,"A calça é lindaaaaaaaa. Porém ela não tem elasticidade. Eu comprei tam. 52 porém ela não fechou.
Achei a forma dela pequena e por não ter elasticidade é melhor pedir um pouco a mais do que você veste.","Perfeita,acabei de receber, irei comprar novamente 😍.",Amei. Ficou perfeita.,+100,78.09,0.9629629629629632,0.001873071837814,0.0819672131147541,0.1146106885849732,736,25,3,100.0,0.0327421555252387,0.176443838108231
813,Short Jeans Feminino Com Lycra Levanta Bumbum Destroyed,4.7,9.0,20.0,stillger,algodão,Feminino,primavera/verão,Adourei lindo no corpo.,"Excelente,ficou perfeito,super recomendo.",Maravilhoso obg.,+50,49.92,0.888888888888889,0.000881445570736,0.2459016393442623,0.066573445653286,736,25,7,50.0,0.0327421555252387,0.176443838108231
817,Short Meia Coxa Claro Com Ilhós Roupa Feminina.,4.1,7.0,24.0,atacado da moda,algodão,Feminino,não definido,"Muito lindo. Veste super bem, tem uma boa qualidade. Porém a fôrma é pequena. Mesmo assim. Amei.",Muito bom.,"O 44 ficou apertado, sendo q os meus ficam folgados.",+25,59.99,0.6666666666666666,0.000661084178052,0.3114754098360656,0.0837454384229733,61,25,1,25.0,0.0009095043201455,0.176443838108231
818,Short Saia Jeans Plus Size Feminino Cintura Alta Com Lycra,4.9,77.0,11.0,stillger jeans,algodão,Feminino,primavera/verão,Perfeito demais!!!.,"Ele é lindo igual da foto,só tem um problema as medidas dele é bem pequena eu uso 48 e pelas medidas da tabela pedi o 52 e ficou perfeito.","Minhas expectativas foram preenchidas, amei. Seguir a dica de pegar um número maior do aue eu visto, fiquei com receio de ficar grande um saco, maia ficou maravilhoso, material ótimo 😍, igual a foto, veste muito bem,.",+100,72.88,0.9629629629629632,0.008373732921992,0.0983606557377049,0.1057262712731489,738,25,7,100.0,0.0154615734424738,0.176443838108231
843,Short Jeans Plus Size Cintura Alta Barra Desfiada Com Lycra,4.4,10.0,7.0,stillger jeans,algodão,Feminino,primavera/verão,"Eu visto 48. Comprei 50 para ficar larguinho, mas é forma pequena, pq minha prima veste 46 e ficou perfeito nela. Em mim ficou mega apertado.
Forma extremamente pequena.",Muito bom recomendo.,"Produto muito bom , mais a modelagem é pequena.
Mais é lindo !.",+100,64.76,0.777777777777778,0.000991626267078,0.0327868852459016,0.0918795402612462,738,25,7,100.0,0.0154615734424738,0.176443838108231
847,Shorts Masculino Essentials Woven adidas,4.7,28.0,16.0,adidas,poliéster,Masculino,não definido,Super recomendo.,Lindo e muito confortável.,Ótimo.,+100,179.99,0.888888888888889,0.002974878801234,0.180327868852459,0.2883769312097132,13,122,1,100.0,0.0109140518417462,0.1173260572987721
852,Kit 4 Conjunto Moletom Menino Infantil Gola Careca Masculino,4.0,41.0,6.0,colbacho,algodão,Bebês,não definido,É bom em relação ao valor.,Cumpre o que promete. Ótimo custo benefício.,Muito bonitos e bem costurados. O tecido é fino.,+100,134.61,0.6296296296296297,0.00440722785368,0.0163934426229508,0.2109921216875277,192,25,1,100.0,0.0054570259208731,0.176443838108231
855,Kit 3 Conjunto Menino Roupa Infantil Shorts Moletom Tactel,4.7,7.0,10.0,kn3kids,algodão,Meninos,primavera/verão,Muito bom.,Não gostei muito porque um dos conjuntos veio com a costura torta.,Bom compraria de novo veste bem.,+25,122.61,0.888888888888889,0.000661084178052,0.0819672131147541,0.1905289724088537,417,25,7,25.0,0.0009095043201455,0.176443838108231
864,"Kit Com 4 Short Para Usar Embaixo Da Roupa, Vestido, Saia",4.2,88.0,11.0,silvest lingerie,poliéster,Feminino,primavera/verão,Estou dando 5 estrelas em todos pq tudo que compro no mercado livre e ótimo.,São só fino mais serve pra usar não esquenta sao fresquinho.,"Não veio como na foto.
É minúsculo!.
O tamanho eg adulto doei para uma criança de 9 anos.
O cumprimento das coxas veio errado! na foto mostra uma coisa e veio com 3 dedos !.
Não gostei!.",+1000,57.93,0.7037037037037038,0.009585720581754,0.0983606557377049,0.0802325977968009,719,122,7,1000.0,0.0022737608003638,0.1173260572987721
865,Kit 10 Cuecas Lupo Boxer Masculinas Atacado Box 523 Algodão,4.2,621.0,5.0,lupo,algodão 95%,Masculino,2021,"Horrível, não são originais, tecido áspero, tamanho não veste bem.","Produto de boa qualidade, compraria novamente. Satisfeita.",Excelente fica justinha no corpo bom material.,+1000,179.9,0.7037037037037038,0.0683120317320405,0.0,0.2882234575901231,463,27,0,1000.0,0.0422919508867667,0.003638017280582
873,Macacão Roupa De Apicultor Completa Proteção Contra Abelhas,4.3,178.0,24.0,celi,brim 100% algodão,Sem gênero,não definido,Muito bom o macacão. Consegui retirar as vespas sem problemas. Fica bem fechado. Nem foi necessário fechar botas e luvas com fita. É bem resistente e vai durar bastante tempo.,Ficou ótimo perfeito.,Beleza tudo ok muito boa.,+1000,203.88,0.7407407407407406,0.0195019832525341,0.3114754098360656,0.3291156508986733,177,46,1,1000.0,0.0077307867212369,0.0090950432014552
882,Roupa Térmica Peluciado Blusa Calça Touca Cachecol Meia Luva,4.8,6.0,10.0,neve segunda pele térmica,poliéster/elastano,Feminino,outono/inverno,Meu esposo acho prático.,"Ótimo produto fiel as imagens, tecido grosso, não passa o frio, e fica ótimo no corpo.","Amei o produto, serviu certinho em mim.",+25,199.1,0.925925925925926,0.00055090348171,0.0819672131147541,0.3209644964360015,564,127,3,25.0,0.0031832651205093,0.001819008640291
909,Calça Para Trabalho Pesado Uniforme Pedreiro Mecânico Obra,4.1,303.0,11.0,miglar,brim algodão microfibra,Masculino,primavera/verão,"Os fabricantes de roupa parece que esquecem que as pessoas possuem ""bunda"".
As calças devem ter a parte de trás mais pano que a frente.
O fundo da calça fica entrando na bunda da pessoa e quando agaicha a calça desce. Isso é muito chato.
Deveriam ter atenção em relação a isso.
Não devolvi porque minha mãe é costureira e deu um jeito.","A calça e muito boa o tamanho o tecido tudo bom,.
Mas as costuras deveria ser mais reforçadas pq lavamos do melhor jeito possível e mesmo assim as costuras vão se abrindo e a única coisa deveria melhorar seria na costura.
Obrigada.","As calças são curtas na perna, quando sentamos ela fica no meio da canela, eu trabalho de moto e fica horrível andar com a canela de fora. Obs tenho 1,80 de altura. E o cordão de amarrar por ser dividido em 2 ele solta tudo. A costura no meio da perna começou abrir no terceiro dia de uso.",+10mil,53.05,0.6666666666666666,0.0332745702952842,0.0983606557377049,0.0719109170901401,513,48,7,10000.0,0.0004547521600727,0.0004547521600727
917,Kit 10 Cuecas Lupo Boxer Masculinas Atacado Box 523 Algodão,4.2,621.0,5.0,lupo,algodão 95%,Masculino,2021,"Horrível, não são originais, tecido áspero, tamanho não veste bem.","Produto de boa qualidade, compraria novamente. Satisfeita.",Excelente fica justinha no corpo bom material.,+1000,179.9,0.7037037037037038,0.0683120317320405,0.0,0.2882234575901231,463,27,0,1000.0,0.0422919508867667,0.003638017280582
919,Macacão Roupa De Apicultor Completa Proteção Contra Abelhas,4.3,178.0,24.0,celi,brim 100% algodão,Sem gênero,não definido,Muito bom o macacão. Consegui retirar as vespas sem problemas. Fica bem fechado. Nem foi necessário fechar botas e luvas com fita. É bem resistente e vai durar bastante tempo.,Ficou ótimo perfeito.,Beleza tudo ok muito boa.,+1000,203.88,0.7407407407407406,0.0195019832525341,0.3114754098360656,0.3291156508986733,177,46,1,1000.0,0.0077307867212369,0.0090950432014552
922,Calça Jeans Feminina Plus Size Flare Com Lycra Cintura Alta,4.5,30.0,9.0,stillger,algodão,Feminino,outono/inverno,Ótimo produto.,O produto é de excelente qualidade fiquei satisfeito.,Comprarei novamente.,+100,78.59,0.8148148148148148,0.003195240193918,0.0655737704918032,0.115463319804918,736,25,3,100.0,0.0327421555252387,0.176443838108231
923,Kit 3 Conjuntos Short + Top Nadador Fitness Roupas Femininas,4.6,17.0,19.0,fabricacao propria,poliéster,Feminino,primavera/verão,"Lindo !!! não é transparente quando comprado no tamanho correto.
E ganhei um top de brinde !!!.","Produto de péssima qualidade, primeira vez q lavou, ainda antes de usar, ficou enorme. Os tops, um veio todo torto, sem condições de uso. Até pensei em devolver, mas percebi isso tudo qdo lavei p usar pela primeira vez. Não compraria de novo, nem indicaria p ninguém.","Produto muito pequeno o 36 é para criança de 8 ano. Só serviu 1, pq tercido sede bem! tbm não gostei das estampas, nada ave com as portagem.",+100,129.21,0.8518518518518517,0.001762891141472,0.2295081967213114,0.2017837045121244,283,122,7,100.0,0.0022737608003638,0.1173260572987721
927,Kit 10 Cuecas Boxer Mash Algodão Cotton Box Original Oferta,4.6,1700.0,22.0,mash,algodão,Masculino,primavera/verão,"As cuecas são boas, porém meu marido usa g e pedir gg por causa dos outros comentários de compradores que falaram ser forma pequena. Então ficaram muito grandes!!! com certeza logo vão lacear por esse motivo. Tentar lavar a mão para evitar que fique caindo tão rápido. Recomendo a compra, porém podem pedir o tamanho correto que usam. Sem essa presepada de pedir tamanho maior. Sobre qualidade somente depois de lavar para saber ao certo!!! na próxima, pedirei o número que ele realmente usa.","E o tamanho certo, mas em baixo dela, fica muito curto, apertado demais. Aperta todos os ovos, na moral me arrependo de ter comprado. Nesse valor ainda, melhor ter comprado da lupo.","Produto não parece.
Original e veio 2 modelos completamente distintos. Costuras grosseiras, elastico parece esgarçado e com rebarbas.",+10mil,229.39,0.8518518518518517,0.1871970030850595,0.2786885245901639,0.3726168957402544,494,25,7,10000.0,0.0109140518417462,0.176443838108231
928,"Bermuda Térmica Masculina Esportiva Corrida, Academia Treino",4.8,1004.0,24.0,keeper,microfibra,Masculino,primavera/verão,"Uso 44 o que teoricamente seria tamanho m pela tabela da fabricante, mas comprei a g por precaução e dei sorte pq se tivesse comprado m não teria servido, a g já ficou em cima da risca.","Meu esposo usa 44 e pegamos g pq vimos nos comentários que a forma é pequena.
E é realmente! quem veste m, melhor pegar g!.
O material é simplesmente maravilhoso!!!!!.
Vale muito a pena a compra. Iremos pegar outras!!!!.","Tenho 1,84 de altura e 68 kg, peguei o tamanho m e ficou um pouco pequeno, devia ter pego o g, mas o produto estica e é bem maleável, fica bem justo e proteje bem do frio.
Exelente produto, recomendo.",+10mil,48.52,0.925925925925926,0.1105112384310268,0.3114754098360656,0.0641860782374407,406,101,7,10000.0,0.0086402910413824,0.0300136425648021
937,Shorts Feminino Size Paete Cintura Alta Curto P Ao 52,4.3,7.0,6.0,short menina mulher look verão,roupa tik tok blogueirinha adulta,roupa para gordinha pluss P ao 52,primavera/verão,"Eu achei meu produto excelente,veste bem recomendo.","Muito lindo o shorts, eu uso tam g1 e comprei o g2 e ficou certinho, não é tão curto, tamanho ideal, ainda não lavei,mas aparentemente o tecido é bom. Recomendo a compra.
Se ajudar, eu tenho 1,64 de altura e peso 85 quilos.",Eu achei perfeito do jeito que queria ameiii.,+50,78.16,0.7407407407407406,0.000661084178052,0.0163934426229508,0.1147300569557654,710,136,7,50.0,0.0009095043201455,0.0009095043201455
969,Roupa Feminina Short Jeans Cintura Alta Hot Pant Com Lycra,4.4,29.0,11.0,gtz,jeans,Feminino,primavera/verão,"Perfeito, tenho 1,60m e peso 67kg, peguei tambanho 44 pois gosto mais largo e ficou muito bom.","Gostei dele ,e molinho é confortável!.",Muito lindo é dê ótima qualidade.,+100,79.19,0.777777777777778,0.003085059497576,0.0983606557377049,0.1164864772688516,347,75,7,100.0,0.0004547521600727,0.0300136425648021
972,Kit 10 Cuecas Boxer Lupo Cueca Box Algodão Masculina Atacado,4.5,3036.0,18.0,lupo,algodão,Masculino,outono/inverno,"As cuecas são boas; porém você percebe na costura que não são originais! já experimentei duas brancas, e o mesmo acontece com as duas, quando eu subo a cueca, ela dá um estralinho como se tivesse rasgado e quando olhei, soltou um pouco da costura de lado! tem que vestir com muito cuidado! fora isso, é uma replica muito bem feita da original! aaah. Não gostei muito do elastico de cima! é muito curtinho, queria q fosse maior. Mas resumindo: cueca bem confortavel, nao dobra e nem sobe.","Pelo preço promocional, com ctz tem algum defeito de fabricação. Pq não é normal furar a cueca na imenda na primeira vez que vc usa. Infelizmente isso aconteceu comigo e não foi só com uma cueca e sim com 3 unidades. Agora eu não sei o que é pior, perder 16 reais do valor da cueca usando ela apenas algumas horas ou ficar com a cueca furada no trabalho.","Serviram muito bem, porém é nítido que o pano não é algodão, e posso confirmar a diferença pois possuo o mesmo modelo de cuecas lupo que comprei em outra ocasião e comparando ambos os panos e costuras essa diferença fica notável.
Pelo custo beneficio e mesmo sendo um material diferente, aparenta valer a pena, porém, só o tempo (e algumas lavagens rs) irá dizer se é de qualidade.",+10mil,232.89,0.8148148148148148,0.3343984133979726,0.2131147540983606,0.3785853142798676,463,25,3,10000.0,0.0422919508867667,0.176443838108231
973,Kit Com 10 Cuecas Boxer Algodão Sem Costura Zorba 781,4.7,5688.0,20.0,zorba,algodão,Masculino,não definido,"O tecido é bom e são confortáveis. Só que a numeração não é precisa, visto 40 então tentei comprar a p conforme especificado no guia de tamanho. Porém, para minha sorte não tinha mais p disponível e eu comprei m. O resultado é que caiu perfeitamente. Então uma dica é comprar um tamanho maior. Antes deixar o bicho solto do quê sem ar.","Vendo comentários de outros consumidores vejo que quanto ao tamanho realmente há problemas; tenho 1. 85 e peso 88 kg, pedi o tamanho maior disponível, gg, e ficou um pouco apertado mesmo assim. Já comprei em lojas exatamente a mesma medida e dá pra notar a diferença. Mas no geral o produto é bom, só atentem para o tamanho.","Produto não é nem de longe original, tecido grosso e com pouco elastano.",+50mil,199.9,0.888888888888889,0.626597620096959,0.2459016393442623,0.3223287063879131,838,25,1,50000.0,0.0090950432014552,0.176443838108231
981,Macacão Apicultor Roupa Proteção Abelha Com Máscara + Brinde,4.1,332.0,10.0,celi,algodão,Sem gênero,não definido,Bom produto so uma resalva quando alguem for fazer o pedido pede um numero maior do que vc costuma usar exp. Se vc usa roupas g pede o macacao gg ou xg pra ficar com folga. No restante tudo certo.,Eu achei muito fino o tecido poderia ser mais grosso fui tirar uma abelha levei algumas ferruado.,Otimo.,+1000,166.21,0.6666666666666666,0.0364698104892022,0.0819672131147541,0.2648784147880358,177,25,1,1000.0,0.0077307867212369,0.176443838108231
996,Calça Legging Fake Jeans Roupa Fitness Academia Kit 02 Peças,4.4,19.0,10.0,propria,elastano,Feminino,não definido,"Ótimo produto, excelente material acabamento perfeito.
Compraria novamente.","Infelizmente ficou grande, dei de presente pra minha mãe. Vou comprar tamanho menor.",Transparente. Mas fui na costureira e mandei fazer um forro por dentro. Ficou bom.,+50,99.1,0.777777777777778,0.001983252534156,0.0819672131147541,0.1504382524470516,630,62,1,50.0,0.0050022737608003,0.0045475216007276
1005,Kit 15 Cuecas Box Boxer Infantil Mallbeck De Microfibra.,4.1,45.0,6.0,cueca infantil-cueca para meninos-roupa íntima infantil-calcinha e cueca infantil-cueca boxer infantil-conjunto de cueca infantil-moda íntima infantil-cueca infantil atacada-cuecas divertidas para crianças-cueca infantil estampada-kit cuecas infantis,microfibra,Meninos,não definido,"Produto horrível, péssima qualidade.",Produto de péssima qualidade. Parece que é feito de papel.,"O tamanho é absurdamente maior q o esperado. Fala q a gg é para crianças de 7 a 8, todavia ela veste crianças de 10 a 12 facilmente.",+100,58.45,0.6666666666666666,0.004847950639048,0.0163934426229508,0.0811193342655434,209,101,1,100.0,0.0004547521600727,0.0300136425648021
1022,Conjunto Fitness Feminino Top Short Roupas P/ Academia A19,4.4,9.0,26.0,akorio,poliéster,Feminino,primavera/verão,Muito bonito e confortavel recomendo a todos no ml.,"Muito bom, não fica transparente e é super confortável. Não desbotou e nem diminuiu de tamanho depois que lavei, super recomendo.",Ficou maravilhoso o tamanho perfeito gostei muito.,+100,46.7,0.777777777777778,0.000881445570736,0.3442622950819672,0.0610825005968418,21,122,7,100.0,0.0045475216007276,0.1173260572987721
1028,Short Saia Jeans Plus Size Com Lycra Cós Alto Levanta Bumbum,4.5,41.0,6.0,wreis jeans,algodão,Feminino,primavera/verão,Na foto ele parece ser mais claro mais ainda assim é lindo e serviu perfeito eu uso tamanho 50 mais peguei 52 e serviu muito bem se pagasse o 50 ficaria apertado enfim. Muito lindo irei comprar outros modelos.,"Simplesmente perfeita linda de mais, todo mundo comenta quando vê ❤️.",Ficou perfeito.,+100,67.98,0.8148148148148148,0.00440722785368,0.0163934426229508,0.0973704853176904,825,25,7,100.0,0.0040927694406548,0.176443838108231
1035,Kit 2 Cuecas Boxer Lupo Basic Microfibra Sem Costura Box,4.8,1429.0,30.0,lupo,microfibra,Masculino,primavera/verão,Excelente produto e muito durável. Não sei como vai ser pq este produto dura muito. Comprei novo conjunto depois de quase 3 anos. Então se você quiser esquecer de comprar cueca pelo menos por 3 anos este é o produto ideal.,"Já conhecia esse produto de alta qualidade e preço baixo, tenho uma cueca dessa a 5 anos e ainda vai servir por mais tempo kkk, as cuecas de poliamida da lupo são excelentes, já as de algodão não duram um mês, não comprem as de algodão, comprem essa de poliamida são muito boas e bem duráveis m.","Produto original, estava com medo de comprar e não ser igual ao original porém me surpreendeu a qualidade do produto em breve vou comprar mais cuecas!.",+10mil,69.99,0.925925925925926,0.1573380343763772,0.4098360655737705,0.1007980628218682,463,101,7,10000.0,0.0422919508867667,0.0300136425648021
1045,Kit 7 Calcinha Cós Elegante Cos Alto Conforto Microfibra,3.8,19.0,5.0,mallbeck-calcinha confortavel - calcinha tanga-,microfibra,Feminino,não definido,O pano não e bom.,Achei muito pequena comprei o tamanho g e não serviu e de cintura alta não tem nada tive que dar as minha pra minha irmã que é bem magra e não te. Barriguinha não compraria novamente e nem recomendo por conta do tamanho o tecido é bom.,Amei amei.,+100,49.12,0.5555555555555555,0.001983252534156,0.0,0.0652092357013744,476,101,1,100.0,0.0013642564802182,0.0300136425648021
1051,Kit 5 Bermuda Masculinha Moletinho Academia Verão Praia,4.3,6.0,5.0,canario,moletinho,Masculino,primavera/verão,Ficou perfeito. Se eu pudesse ter voltado no tempo eu teria comprado antes.,"Ótimo tecido costura e acabamento, já testei na academia algumas vezes, e passa bastante confiança na execução das atividades, melhor custo benefício, satisfeito.
Obs. Na execução de treinos de perna o celular no bolso não fica muito legal devido a necessidade dos movimentos, mas para corrida na esteira perfeito.",Eu gostei muito do produto.,+50,156.14,0.7407407407407406,0.00055090348171,0.0,0.2477064220183486,170,106,7,50.0,0.0100045475216007,0.0072760345611641
1057,Kit 2 Conjuntos Segunda Pele Forrada Frio Intenso,4.5,104.0,10.0,hot lee,poliéster,Sem gênero,outono/inverno,"O tecido é fino, achei que não protegeria do frio. Mas usei em um frio de 15⁰ com sensação de 10⁰ e aqueceu bastante. Usei apenas uma corta vento por cima.","Comprei o tamanho m ficou bom ,mas da próxima vez vou comprar um número maior para ficar mais soltinha tenho 1,72 e 67 kg.","O custo benefício é extraordinário! andei de moto num dia que estava 5 graus. Isso de temperatura, agora imagina de moto. A roupa térmica ajudou demais. Claro que sozinha não resolve, mas ela é muito muito leve e faz uma diferença enorme. Vale muito a pena.",+100,219.1,0.8148148148148148,0.011348611723226,0.0819672131147541,0.3550697452337915,357,122,3,100.0,0.0004547521600727,0.1173260572987721
1061,Kit 3 Pijama Feminino Longo Suede Inverno Frio Tecido Macio,4.7,18.0,10.0,donna babi,suede,Feminino,outono/inverno,Ótimo custo benefício pelo valor.,"Gostei muito do tecido,bem macio e confortável só não gostei das cores,veio dois pijama quase iguais. Poderia ser diferente , mas fora isso muito bom.",Os pijamas venham com cores muito feito comoum deles veio preto pra dormi acho que não é legal e ainda comprei pra presente não dá pra presentear 😢.,+25,145.31,0.888888888888889,0.001873071837814,0.0819672131147541,0.2292384297943453,245,147,3,25.0,0.0009095043201455,0.0009095043201455
1071,Kit 10 Peças Roupa Infantil Menino 5 Shorts + 5 Camisetas,3.2,5.0,10.0,imperio kids,algodão,Meninos,primavera/verão,Pelo preço bom.,Não é ruim razoável se todos fosse tectel séria perfeito!!!.,"Achei menor do que o número fala, e vieram sem etiquetas , por isso não pude confirmar se o tamanha que pedi era realmente o tamanho.",+25,155.31,0.3333333333333333,0.000440722785368,0.0819672131147541,0.2462910541932403,364,25,7,25.0,0.0086402910413824,0.176443838108231
1080,Kit 3 Short Jeans Feminino Cintura Alta Barato Atacado,4.4,507.0,9.0,menina linda,jean,Feminino,primavera/verão,"Estou encantada com essas peças!.
Os shorts são lindos e super confortáveis, comprem sem medo!.","Recomendo, tecido confortável, igual a foto.","Gostei muito dos shorts, material bom, para usar no dia a dia está ótimo.",+1000,129.2,0.777777777777778,0.0557514323490524,0.0655737704918032,0.2017666518877255,509,74,7,1000.0,0.0100045475216007,0.0254661209640745
1087,Kit Com 10 Cuecas Boxer Masculina Polo London Club - Oferta,4.1,35.0,38.0,polo london club,algodão,Masculino,primavera/verão,"Produto médio, recomendo.",Muito bom.,Eu gostei.,+100,179.9,0.6666666666666666,0.003746143675628,0.5409836065573771,0.2882234575901231,617,25,7,100.0,0.0004547521600727,0.176443838108231
1088,Kit 2 Calças Jeans Masculina Com Lycra.,4.6,2146.0,5.0,almix,jean,Masculino,primavera/verão,"Obs: eu não suporto calças apertadas , e nem muito largas.
Numeração ( 42 ). Ficou ótima em mim.
Tenho 1. 80 de altura e uns 75kg.
Na cintura e nas coxas, ficou muito boa , ou seja.
- não ficou apertado e nem muito largo. ( ficou legal ).
Do joelho para baixo , ficaram retas ou seja, não tem modelagem , más, tbem não ficou feio , pois não ficou larga.
- elas ficam alinhado com o corpo , porém, não apertado.
Então ela é uma boa escolha para compra.
Porém , só um alerta !.
* ela é fina , tecido leve.
* comprimento é super grande.
Resumindo.
De 1 á 10 , ela valeu uns ( 8 ).","Gostei, as calças vestem bem, são confortáveis e o tecido tem qualidade. Por ter gostado resolvi comprar outro kit com três calças. Nesse kit tenho um reparo a fazer: a numeração que pedi foi 40 e a calça azul clara, apesar de ter na etiqueta a numeração 40, tinha o tamanho correspondente a 42 ou 44. Ficará grande e terei que mandar ajustar. O controle de qualidade poderia ser melhor efetuado nesses casos. No mais nada a reclamar.","Recomendo ótimo jeans tenho 1. 80 altura e 97 kg a número 48 ficou ótimo se eu quiser vou fazer é só o abanhado mas não fiz dobrei por dentro nem se percebe , não ficou colada no corpo que pra mim é ótimo.
Comprarei novamente em breve.
Que deus abençoe a todos.",+10mil,134.3,0.8518518518518517,0.2363375936535919,0.0,0.210463490331162,26,74,7,10000.0,0.0054570259208731,0.0254661209640745
1089,Kit 3 Calças Jogger Masculina Jeans Com Punho Elastico,4.3,779.0,9.0,gbgsports,sarja,Masculino,outono/inverno,"Calças com material inferior. Não vieram do mesmo tamanho. Pedi tamanho m/42 parece ser p e a que ficou boa parece ser g. Essas medidas não são confiáveis. O elástico do calcanhar de uma delas está frouxo. Tive preguiça de devolver. Esse deslocamento de ir até os correios me desanima. Comprei mais duas em outra loja. Vieram perfeitas. As daqui consegui vender pra compensar. Quem não liga pra esses detalhes pode comprar, fora isso não aconseho.","O produto veio com manchas e com mal cheiro e a qualidade do pano e horrível, não recomendo efetuarem uma compra nessa loja nem responder o chat que mandei falando das avarias do produto responderam totalmente sem suporte.","Comprei o kit que são três, porém são todas as três com a mesma numeração ,mas três tamanhos diferentes ,duas dá pra eu usar ,uma está perdida pelo tamanho, não compraria novamente, assim como de outros que atenderam minhas espectativas voltei à comprar novamente , tanto pra mim quanto aos meus próximos ,a qualidade atende ao que é descrito,.",+1000,182.34,0.7407407407407406,0.0857205817540767,0.0655737704918032,0.2923842979434535,324,138,3,1000.0,0.0059117780809458,0.0154615734424738
1108,5 Bermudas Fitness Feminina Tapa Bumbum Roupas Academia B05,4.5,6.0,11.0,própria,poliéster,Feminino,primavera/verão,"Ótimo produto malha muito boa.
Recomendo e vou comprar mais comprei a g de deu certinho.",Produto de ótima qualidade recomendado.,Pra um gg ficou bem apertado e transparente mas ok.,+25,149.41,0.8148148148148148,0.00055090348171,0.0983606557377049,0.2362300057978923,633,122,7,25.0,0.0100045475216007,0.1173260572987721
1109,Kit 3 Calça Jogger Ribana Feminina Para Academia Moda Fit,3.8,165.0,5.0,ems textil,"algodão, calca moletom",Feminino,outono/inverno,"O tecido é de qualidade não encolhe depois da lavagem,só achei a forma pequena uso g e pedi gg para ficar folgada mas não ficou.","O produto nao é de moleton, as cores sao nao possivel de escolher e de 3 calcas um delas apesar da etiqueta esta do tamanho solicitado, ela é claramente menor do que o indicado na etiqueta. O cordao tb é curto e facilmente se perde dentro da peça.",Se não fosse o fato de não poder escolher as cores eu diria que produto x preço talvez seja uma das melhores experiências de compra. Uma delas já lavei coloquei na secadora - ficou igual.,+1000,133.62,0.5555555555555555,0.0180696342000881,0.0,0.2093039118720371,264,35,3,1000.0,0.0004547521600727,0.0004547521600727
1116,Shorts Saia Jeans Plus Size Com Detalhes E Lycra,4.6,141.0,8.0,menina linda,algodão,Feminino,primavera/verão,"Eu uso 46, comprei 48 e ficou certinha portanto comprem um número maior! e se quiser larga comprem até 2 números maior, eu amei demais a saia fica linda e tem lycra então ela se ajusta ao corpo, gostei bastante.",Coube perfeitamente e super confortável.,"É bonito e veste bem, porém a saia poderia ser mais comprida, pois fica mostrando a barra do shorts. Visto 42, mas comprei 44 pra ficar mais confortável.",+1000,66.63,0.8518518518518517,0.0154252974878801,0.0491803278688524,0.0950683810238395,509,25,7,1000.0,0.0100045475216007,0.176443838108231
1130,Calça Moletom Masculina Flanelada Sem Punho Malwee,5.0,8.0,13.0,malwee,algodão,Masculino,outono/inverno,Ótimo produto.,Gostei muito do produto.,Malwee é ótima como sempre!.,+25,139.79,1.0,0.000771264874394,0.1311475409836065,0.2198253811261553,479,25,3,25.0,0.0031832651205093,0.176443838108231
1137,Kit 10 Cuecas Box Lupo Algodão Boxer Masculina Cotton Com Nf,4.5,795.0,44.0,lupo,algodão cotton,Masculino,primavera-verão - outono-inverno,"Visualmente falando, as cuecas são bonitas e demonstram ter qualidade. Entretanto, com o decorrer do uso, nota-se que a qualidade do referido produto caiu bastante (ou então não é original), o que é lamentável. Em pouco tempo, as cuecas se rasgaram na parte interna da coxa, devido ao atrito das coxas, fato que em outras épocas não acontecia.","Assim, como outros comentários e avaliações, a perna ou na coxa é bem justo mesmo, aí peguei a g e ficou bom na perna mas o elástico da cintura ficou levemente folgado, e o elástico é estreito,o que me preocupa com mais tempo fé uso, mas as cuecas são boas, talvez o molde da peça não seja compatível com o desenho do meu corpo.","Comprei anteriormente por duas vezes, ou seja, fiz uma recompra por acha-lo satisfatório e por último comprei para o meu filho, sendo assim, o mesmo produto foi comprado por três vezes. Excelente.",+10mil,317.9,0.8148148148148148,0.0874834728955487,0.639344262295082,0.523549674294874,463,30,5,10000.0,0.0422919508867667,0.003638017280582
1139,Kit 3 Short Jeans Cintura Alta Levanta Bumbum Destroyed,4.6,68.0,10.0,menina linda,algodão,Feminino,primavera/verão,Amei fica super confortável voltarei pra comprar mais uso 40 comprei 42 ficou ótimo não fica muito curto nota 10.,Dois no tamanho certo e um na numeração errada muito pequeno. Olias o mais bonito pequeno.,"Vieram quase perfeito, 2 deles vieram ótimos, só 1 deles que veio largo, na cor claro, parece até que era outro número. Fora isso tá ok. A qualidade do tecido é ótima, os tons tbm 💜.",+100,129.91,0.8518518518518517,0.007382106654914,0.0819672131147541,0.202977388220047,509,25,7,100.0,0.0100045475216007,0.176443838108231
1152,Calça Social Plus Size Feminina Roupa 50 Ao 54,4.5,91.0,16.0,annalu uniformes,two way bi elastic,Feminino,outono/inverno,"Levei em consideração o tamanho da tabela e ficou grande, tive que devolver e peguei no tamanho que eu uso e ficou perfeita! tecido bom, fino mas nada transparente. Recomendo o produto.
Compre do tamanho que você usa e não pela tabela.","A calça ficou do tamanho certo, mas as costuras não são reforçadas, a costura do ziper abriu logo nas primeiras vezes que usei. Em todas as calças. Precisa melhorar este detalhe.","Eu gostei muito do tecido,a única parte negativa e que deixou a desejar foram os bolsos da calça que não tinha, como estava na ilustração.",+1000,69.54,0.8148148148148148,0.00991626267078,0.180327868852459,0.100030694723918,47,172,3,1000.0,0.0004547521600727,0.0004547521600727
1160,Kit Com 4 Cueca Box Zorba Algodão - Boxer Sem Costura 781,4.7,215.0,25.0,zorba,algodão,Masculino,primavera-verão outono-inverno,"Ótimo produto, comprei 4 vezes já.","Produtos conforme anunciados e fotos! tecidos macios, que não machucam. Não desbotou e não encolheu com as lavagens! recomendo.","Produto de excelente qualidade, não encolhe, não desbota. Super confortável, meu marido e meu filho amaram, vou comprar mais com certeza.",+1000,105.99,0.888888888888889,0.0235786690171881,0.3278688524590164,0.1621875106578902,838,25,6,1000.0,0.0090950432014552,0.176443838108231
1183,Kit 4 Cuecas Boxer Lupo Em Algodão Masculina Cotton Original,4.6,2386.0,22.0,lupo,algodão,Masculino,primavera/verão,"Muito bom , eu sempre gostei de usar cueca com folga mas resolvi seguir as orientações das medidas na tabela e ficou ótimo. Peguei a m (normalmente pego um tamanho acima) mas ficou muito bom, perfeito. Se tivesse arriscado no tamanho g teria ficado muito largo. Tenho 1. 75 altura e 76kg.",As cuecas são de péssima qualidade as mais falsas que existe. Eu uso cuecas lupo há muito tempo não gostei porque é anunciado como original. Estou só o ódio.,"Eu tenho 1,80 e peso 80 kg, a g ficou perfeita.",+10mil,89.9,0.8518518518518517,0.2627809607756721,0.2786885245901639,0.1347498380000682,463,25,7,10000.0,0.0422919508867667,0.176443838108231
1186,Calça Térmica Masculina Roupa De Frio Forrada Legging,4.6,7.0,35.0,camiseta térmica/mundo térmico,poliester térmico peluciado + elastano,Masculino,primavera/verão,Produto bom.,Produto bem pequeno. Comprei a gg e ficou bem justa a calça.,Calça de excelente qualidade ficou perfeito.,+50,78.28,0.8518518518518517,0.000661084178052,0.4918032786885247,0.1149346884485522,167,119,7,50.0,0.0004547521600727,0.0004547521600727
1192,Short Jeans Feminino Cintura Alta Com Lycra Barra Desfiada,4.4,239.0,6.0,stillger,algodão,Feminino,primavera/verão,"O short é bom, so que seu tamanho é diferente só que promete.",Perfeito!.,Veste surpe bem.,+1000,44.29,0.777777777777778,0.0262230057293962,0.0163934426229508,0.0569728181167081,736,25,7,1000.0,0.0327421555252387,0.176443838108231
1201,Roupa Conjunto Térmica Grossa Frio Extremo Forrada + Brinde,4.7,212.0,11.0,neve,poliéster/elastano,Feminino,outono/inverno,"Como várias pessoas já reclamaram, a numeração do conjunto é totalmente incondizente. Pedi para numeração 40, mas a calça veste no máximo um 38 e a blusa é enorme - g ou gg. Mas mesmo assim consegui usar. Peguei temperaturas perto de 0 grau no sul e deu super certo! mantiveram a temperatura do corpo com apenas três camadas (termica+lã+casaco). Vale o custo benefício, mas acho que poderiam acertar a numeração.",Muito bom. Ja estou usando na neve. Adorei ganhar a luvinha. Está sendo muito util.,"Perfeito no corpo. A camiseta é compridinha (como eu gosto) e a calça perfeita. Muito bom. Quanto à proteção de frio extremo, só se usar o conjunto por baixo de blusão ou casaco. É quentinha, sim, mas não para polo norte.",+1000,139.71,0.888888888888889,0.0232481269281621,0.0983606557377049,0.2196889601309641,563,127,3,1000.0,0.0013642564802182,0.001819008640291
1204,Kit 3 Short Curto Soltinho Malha De Moletom C/bolso G1 Ao G6,4.0,3.0,8.0,colbacho,algodão,Feminino,primavera/verão,"Muito bom tecido , tamanho bom tmb , amei e vou comprar mais.",Amei!.,Achei que não tem nada a ver com a foto.,+25,113.6,0.6296296296296297,0.000220361392684,0.0491803278688524,0.1751645578254493,192,25,7,25.0,0.0054570259208731,0.176443838108231
1208,Shorts adidas 3 Stripes - Original,4.3,27.0,11.0,adidas,algodão/poliéster,Masculino,primavera/verão,Adidas sempre um bom produto gostei muito.,Excelente.,Adidas só o nome já diz tudo.,+100,199.99,0.7407407407407406,0.002864698104892,0.0983606557377049,0.3224821800075031,13,37,7,100.0,0.0109140518417462,0.0004547521600727
1214,Minhocão Calça Ceroula Masculina Long Leg Mijão Promoção,4.7,208.0,50.0,bela notte,algodão,Masculino,primavera/verão/outono/inverno,"O tamanho g ficou pequeno, tenho 1, 72 não era pra ficar.",Vestiu perfeitamente. Bastante confortável.,Ótimo produto. Já lavei e continua perfeito.,+1000,78.49,0.888888888888889,0.0228074041427941,0.7377049180327869,0.115292793560929,116,25,9,1000.0,0.0004547521600727,0.176443838108231
1219,Shorts Moletom Masculino Infantil Kit 7 Peças Promoção Cores,4.5,26.0,9.0,ak art lover,shorts de algodão para menino,Meninos,primavera/verão,Para criança de 10 anos e fica pequeno serve para criança de 8 anos mago.,Muito bom indico compraria denovo.,Muito bom.,+100,139.37,0.8148148148148148,0.00275451740855,0.0655737704918032,0.2191091709014017,18,145,7,100.0,0.001819008640291,0.0004547521600727
1284,Bermuda Short Jeans Masculino Plus Size 36 Ao 56 Elastano,4.8,6.0,5.0,galanteador,algodão,Masculino,primavera/verão,Lindas as bermudas e o cheiro bom que elas tem. Estou muito satisfeita.,Perfeito vou comprar outras.,"Gostei serviu meu marido gostou,.",+50,78.63,0.925925925925926,0.00055090348171,0.0,0.1155315303025135,320,25,7,50.0,0.0027285129604365,0.176443838108231
1286,Calça Treino Essentials 3 Listras Masculina adidas Novo,4.8,19.0,36.0,adidas,poliéster,Masculino,outono/inverno,"Que calça top , cor ,pano , caimento 👏.",Bom eu achei que tá muito caro pra uma calça com tecido reciclado eu me arrependi de ter comprado por um preço alto fora isso a calça até que é estilosa!.,Encontrei o que estava procurando a tempos.,+50,299.68,0.925925925925926,0.001983252534156,0.5081967213114754,0.4924797926400873,13,122,3,50.0,0.0109140518417462,0.1173260572987721
1290,Short Saia Jeans Plus Size Feminino Cintura Alta Com Lycra,4.9,77.0,11.0,stillger jeans,algodão,Feminino,primavera/verão,Perfeito demais!!!.,"Ele é lindo igual da foto,só tem um problema as medidas dele é bem pequena eu uso 48 e pelas medidas da tabela pedi o 52 e ficou perfeito.","Minhas expectativas foram preenchidas, amei. Seguir a dica de pegar um número maior do aue eu visto, fiquei com receio de ficar grande um saco, maia ficou maravilhoso, material ótimo 😍, igual a foto, veste muito bem,.",+100,72.88,0.9629629629629632,0.008373732921992,0.0983606557377049,0.1057262712731489,738,25,7,100.0,0.0154615734424738,0.176443838108231
1297,Camiseta Masculina Básica Atacado Algodão Penteado 5 Peças,4.8,21.0,19.0,ak art lover,camiseta básica de algodão masculina,Masculino,não definido,Amamos. Super indico. Fomos bem atendidos. Veio mt bem feita.,Atendeu perfeitamente as minhas expectativas.,Excelente.,+50,129.12,0.925925925925926,0.00220361392684,0.2295081967213114,0.2016302308925343,18,52,1,50.0,0.001819008640291,0.0004547521600727
1305,Kit 3 Short Jeans Feminino Cintura Alta Com Lycra Modelador,4.4,8.0,18.0,menina linda,algodão,Feminino,primavera/verão,Muito bom só que tem que comprar tamanho maior do que o de costume.,Comprei 3 da mesma numeração e vieram de tamanhos completamente diferentes.,Uma pequena média grande.,+5,149.17,0.777777777777778,0.000771264874394,0.2131147540983606,0.2358207428123188,509,25,7,5.0,0.0100045475216007,0.176443838108231
1330,Calça Jeans Super Lipo Feminina Azul Sawary,4.6,18.0,38.0,sawary,algodão,Feminino,outono/inverno,Calça maravilhosa. Só a perna que é um pouquinho larga. Mas eu gostei assim mesmo.,"Eu gostei, a cor tecido veio igual publicação, tamanho mesmo que eu já uso. Adorei.",Produto de ótima qualidade.,+100,183.99,0.8518518518518517,0.001873071837814,0.5409836065573771,0.2951979809692712,692,25,3,100.0,0.0068212824010914,0.176443838108231
1341,Short Masculino Malha Plana Aeroready adidas,4.8,14.0,5.0,adidas,poliéster,Masculino,não definido,"Muito bom, comprarei novamente e original.",Excepcional!!!.,Produto de excelente qualidade.,+100,129.99,0.925925925925926,0.001432349052446,0.0,0.2031138092152382,13,122,1,100.0,0.0109140518417462,0.1173260572987721
1342,Kit 9 Cuecas Lupo Slip Masculino Algodão Adulto Original,4.5,11.0,24.0,lupo,algodão,Masculino,outono/inverno,"Produto muito bom.
Mas pedi gg. Lá fala q vai até o número 52.
Eu uso 46 e mesmo assim ficou pqn.
Uma pena.","Excelente produto, só compro essa marca pela qualidade e durabilidade!.","Costura boa, tecido confortável, até o momento nada a reclamar, produto de qualidade.",+50,229.64,0.8148148148148148,0.00110180696342,0.3114754098360656,0.3730432113502268,463,25,3,50.0,0.0422919508867667,0.176443838108231
1343,"Kit Com 4 Short Para Usar Embaixo Da Roupa, Vestido, Saia",4.2,88.0,11.0,silvest lingerie,poliéster,Feminino,primavera/verão,Estou dando 5 estrelas em todos pq tudo que compro no mercado livre e ótimo.,São só fino mais serve pra usar não esquenta sao fresquinho.,"Não veio como na foto.
É minúsculo!.
O tamanho eg adulto doei para uma criança de 9 anos.
O cumprimento das coxas veio errado! na foto mostra uma coisa e veio com 3 dedos !.
Não gostei!.",+1000,57.93,0.7037037037037038,0.009585720581754,0.0983606557377049,0.0802325977968009,719,122,7,1000.0,0.0022737608003638,0.1173260572987721
1345,Kit 10 Cuecas Lupo Boxer Masculinas Atacado Box 523 Algodão,4.2,621.0,5.0,lupo,algodão 95%,Masculino,2021,"Horrível, não são originais, tecido áspero, tamanho não veste bem.","Produto de boa qualidade, compraria novamente. Satisfeita.",Excelente fica justinha no corpo bom material.,+1000,179.9,0.7037037037037038,0.0683120317320405,0.0,0.2882234575901231,463,27,0,1000.0,0.0422919508867667,0.003638017280582
1353,Macacão Roupa De Apicultor Completa Proteção Contra Abelhas,4.3,178.0,24.0,celi,brim 100% algodão,Sem gênero,não definido,Muito bom o macacão. Consegui retirar as vespas sem problemas. Fica bem fechado. Nem foi necessário fechar botas e luvas com fita. É bem resistente e vai durar bastante tempo.,Ficou ótimo perfeito.,Beleza tudo ok muito boa.,+1000,203.88,0.7407407407407406,0.0195019832525341,0.3114754098360656,0.3291156508986733,177,46,1,1000.0,0.0077307867212369,0.0090950432014552
1363,Calça Jeans Cigarrete Feminina Índigo Índigo Sawary Oferta,4.5,39.0,47.0,sawary,algodão,Feminino,primavera/verão,"É linda, o jeans um pouco mais fino mas bem confortável. Pedi número 42, tenho 1. 57 e 72kg.",A calça em si é bem bonita! porem o tecido deixa a desejar. Fina demais!.,"Pense numa coisa maravilhosa é essa calça ,cintura alta super elasticidade,fica. Perfeita.",+100,138.2,0.8148148148148148,0.004186866460996,0.6885245901639345,0.217114013846731,692,25,7,100.0,0.0068212824010914,0.176443838108231
1383,Kit 5 Cuecas Anti Assadura Sem Atrito Academia E Corrida,5.0,11.0,16.0,keeper,microfibra,Masculino,primavera/verão,Mt bm.,Não foi testado o suficiente para uma opinião mais acertiva.,Maravilhoso. Pode comprar sem medo. Não encolhe.,+50,149.97,1.0,0.00110180696342,0.180327868852459,0.2371849527642304,406,101,7,50.0,0.0086402910413824,0.0300136425648021
1384,Calça Jeans Infantil Masculina Roupa Brim Meninos,4.8,137.0,11.0,produto nacional,jeans ou brim,Meninos,não definido,Gostei muito. Muito lindo. Mas dou um conselho quem comprar pede uns 2 números maior pq ela tem a forma pequena. Mas é linda me apaixonei pela calça ficou certinho no meu filho.,Meu filho tem 7 anos e peguei o tamanho 8. Ficou perfeito.,"Meu filho tem 1 ano e 4 meses comprei de 3 anos, pelas medidas fornecidas, e ficou perfeito uns 2 dedinho grande mas nada que atrapalhe, afinal nessa idade creçem rapido, linda as cores comprei caramelo e preto, caimento perfeito.",+1000,46.82,0.925925925925926,0.0149845747025121,0.0983606557377049,0.0612871320896286,628,82,1,1000.0,0.001819008640291,0.0004547521600727
1386,Kit Com 05 Shorts Estampado Feminino Adulto Extra Plus-size,4.1,12.0,5.0,voluccy,poliéster,Feminino,primavera/verão,São lindos. Atendeu minhas espectativas.,Eu achei o protudo bom.,"O tecido é ótimo, as estampas bonitas, só achei grande demais, de resto é bom.",+100,78.1,0.6666666666666666,0.001211987659762,0.0,0.1146277412093721,811,122,7,100.0,0.0009095043201455,0.1173260572987721
1397,Kit 10 Cuecas Lupo Boxer Masculinas Atacado Box 523 Algodão,4.2,621.0,5.0,lupo,algodão 95%,Masculino,2021,"Horrível, não são originais, tecido áspero, tamanho não veste bem.","Produto de boa qualidade, compraria novamente. Satisfeita.",Excelente fica justinha no corpo bom material.,+1000,179.9,0.7037037037037038,0.0683120317320405,0.0,0.2882234575901231,463,27,0,1000.0,0.0422919508867667,0.003638017280582
1399,Macacão Roupa De Apicultor Completa Proteção Contra Abelhas,4.3,178.0,24.0,celi,brim 100% algodão,Sem gênero,não definido,Muito bom o macacão. Consegui retirar as vespas sem problemas. Fica bem fechado. Nem foi necessário fechar botas e luvas com fita. É bem resistente e vai durar bastante tempo.,Ficou ótimo perfeito.,Beleza tudo ok muito boa.,+1000,203.88,0.7407407407407406,0.0195019832525341,0.3114754098360656,0.3291156508986733,177,46,1,1000.0,0.0077307867212369,0.0090950432014552
1402,Camiseta Branca Unissex 100% Algodão Premium Camisa Básica,4.7,169.0,11.0,silkriar,algodão,Sem gênero,não definido,"O padrão do tamanho ficou um pouco pequeno, assim, se vc é médio peça grande, se vc é pequeno, peça médio.","Boa qualidade, mas aconselho a pegar um número maior, lavei e encolheu.","Excelente produto!.
Ótimo material, não é transparente.",+1000,38.38,0.888888888888889,0.0185103569854561,0.0983606557377049,0.0468947170969612,717,25,1,1000.0,0.0004547521600727,0.176443838108231
1406,"Bermuda Térmica Masculina Esportiva Corrida, Academia Treino",4.8,1004.0,24.0,keeper,microfibra,Masculino,primavera/verão,"Uso 44 o que teoricamente seria tamanho m pela tabela da fabricante, mas comprei a g por precaução e dei sorte pq se tivesse comprado m não teria servido, a g já ficou em cima da risca.","Meu esposo usa 44 e pegamos g pq vimos nos comentários que a forma é pequena.
E é realmente! quem veste m, melhor pegar g!.
O material é simplesmente maravilhoso!!!!!.
Vale muito a pena a compra. Iremos pegar outras!!!!.","Tenho 1,84 de altura e 68 kg, peguei o tamanho m e ficou um pouco pequeno, devia ter pego o g, mas o produto estica e é bem maleável, fica bem justo e proteje bem do frio.
Exelente produto, recomendo.",+10mil,48.52,0.925925925925926,0.1105112384310268,0.3114754098360656,0.0641860782374407,406,101,7,10000.0,0.0086402910413824,0.0300136425648021
1408,Kit 10 Cuecas Boxer Mash Algodão Cotton Box Original Oferta,4.6,1700.0,22.0,mash,algodão,Masculino,primavera/verão,"As cuecas são boas, porém meu marido usa g e pedir gg por causa dos outros comentários de compradores que falaram ser forma pequena. Então ficaram muito grandes!!! com certeza logo vão lacear por esse motivo. Tentar lavar a mão para evitar que fique caindo tão rápido. Recomendo a compra, porém podem pedir o tamanho correto que usam. Sem essa presepada de pedir tamanho maior. Sobre qualidade somente depois de lavar para saber ao certo!!! na próxima, pedirei o número que ele realmente usa.","E o tamanho certo, mas em baixo dela, fica muito curto, apertado demais. Aperta todos os ovos, na moral me arrependo de ter comprado. Nesse valor ainda, melhor ter comprado da lupo.","Produto não parece.
Original e veio 2 modelos completamente distintos. Costuras grosseiras, elastico parece esgarçado e com rebarbas.",+10mil,229.39,0.8518518518518517,0.1871970030850595,0.2786885245901639,0.3726168957402544,494,25,7,10000.0,0.0109140518417462,0.176443838108231
1419,Short Jeans Feminino Cintura Alta Levanta Bumbum Com Lycra,4.8,36.0,8.0,stillger jeans,algodão,Feminino,primavera/verão,❤️❤️❤️.,Galera serviu direitinho.,Gostei bastante.,+100,45.22,0.925925925925926,0.00385632437197,0.0491803278688524,0.0585587121858054,738,25,7,100.0,0.0154615734424738,0.176443838108231
1435,Short Jeans Feminino Cintura Alta Destroyed Hot Pants Curto,4.5,33.0,11.0,stillger jeans,algodão,Feminino,primavera/verão,"Muito bonito e confortável, podem comprar sem medo, super recomendo.",Ficou um pouco grande mas eu amei🥰👏.,"Ótimo.
Peguei 42, tenho 1. 60 de altura e 66 kilos (tenho barriga ""saliente"" mas ficou bom, não ficou apertado).",+100,49.41,0.8148148148148148,0.003525782282944,0.0983606557377049,0.0657037618089424,738,25,7,100.0,0.0154615734424738,0.176443838108231
1438,Calça Jeans Wide Leg Feminina Sawary,4.8,52.0,36.0,sawary,algodão,Feminino,outono/inverno,"Eu tenho 1,68 de altura mas minhas pernas são mais compridas que o tronco. Ela ficou perfeita veste muito bem, porém, pra usar com salto não ficou bom, fica curta, mas com sapato baixo. Excelente!!!.","Visto 38 e comprei 40 pq pela tabela de medidas a 38 ficaria apertada porém a 40 ficou grande. Tenho 1. 58 ,65 kg , cintura 72 e 100 de quadril.","A calça é maravilhosa. Jeans lindo. Podem comprar sem medo. Tenho 1,75 de altura e 84 comprei a 42 e ficou ótima.",+100,188.99,0.925925925925926,0.005619215513442,0.5081967213114754,0.3037242931687187,692,25,3,100.0,0.0068212824010914,0.176443838108231
1452,Kit 10 Cuecas Boxer Lupo Cueca Box Algodão Masculina Atacado,4.5,3036.0,18.0,lupo,algodão,Masculino,outono/inverno,"As cuecas são boas; porém você percebe na costura que não são originais! já experimentei duas brancas, e o mesmo acontece com as duas, quando eu subo a cueca, ela dá um estralinho como se tivesse rasgado e quando olhei, soltou um pouco da costura de lado! tem que vestir com muito cuidado! fora isso, é uma replica muito bem feita da original! aaah. Não gostei muito do elastico de cima! é muito curtinho, queria q fosse maior. Mas resumindo: cueca bem confortavel, nao dobra e nem sobe.","Pelo preço promocional, com ctz tem algum defeito de fabricação. Pq não é normal furar a cueca na imenda na primeira vez que vc usa. Infelizmente isso aconteceu comigo e não foi só com uma cueca e sim com 3 unidades. Agora eu não sei o que é pior, perder 16 reais do valor da cueca usando ela apenas algumas horas ou ficar com a cueca furada no trabalho.","Serviram muito bem, porém é nítido que o pano não é algodão, e posso confirmar a diferença pois possuo o mesmo modelo de cuecas lupo que comprei em outra ocasião e comparando ambos os panos e costuras essa diferença fica notável.
Pelo custo beneficio e mesmo sendo um material diferente, aparenta valer a pena, porém, só o tempo (e algumas lavagens rs) irá dizer se é de qualidade.",+10mil,232.89,0.8148148148148148,0.3343984133979726,0.2131147540983606,0.3785853142798676,463,25,3,10000.0,0.0422919508867667,0.176443838108231
1453,Kit Com 10 Cuecas Boxer Algodão Sem Costura Zorba 781,4.7,5688.0,20.0,zorba,algodão,Masculino,não definido,"O tecido é bom e são confortáveis. Só que a numeração não é precisa, visto 40 então tentei comprar a p conforme especificado no guia de tamanho. Porém, para minha sorte não tinha mais p disponível e eu comprei m. O resultado é que caiu perfeitamente. Então uma dica é comprar um tamanho maior. Antes deixar o bicho solto do quê sem ar.","Vendo comentários de outros consumidores vejo que quanto ao tamanho realmente há problemas; tenho 1. 85 e peso 88 kg, pedi o tamanho maior disponível, gg, e ficou um pouco apertado mesmo assim. Já comprei em lojas exatamente a mesma medida e dá pra notar a diferença. Mas no geral o produto é bom, só atentem para o tamanho.","Produto não é nem de longe original, tecido grosso e com pouco elastano.",+50mil,199.9,0.888888888888889,0.626597620096959,0.2459016393442623,0.3223287063879131,838,25,1,50000.0,0.0090950432014552,0.176443838108231
1461,Macacão Apicultor Roupa Proteção Abelha Com Máscara + Brinde,4.1,332.0,10.0,celi,algodão,Sem gênero,não definido,Bom produto so uma resalva quando alguem for fazer o pedido pede um numero maior do que vc costuma usar exp. Se vc usa roupas g pede o macacao gg ou xg pra ficar com folga. No restante tudo certo.,Eu achei muito fino o tecido poderia ser mais grosso fui tirar uma abelha levei algumas ferruado.,Otimo.,+1000,166.21,0.6666666666666666,0.0364698104892022,0.0819672131147541,0.2648784147880358,177,25,1,1000.0,0.0077307867212369,0.176443838108231
1468,Bermuda Térmica Anti Assadura Feminina Shorts Esporte Novo,4.7,40.0,14.0,keeper,microfibra,Feminino,primavera/verão,"O short não serve para usar sozinho, é muito fino e desconfortável, fica subindo ao correr.",Muito boa e confortável.,"Não fica tão próximo do joelho, na dúvida pega um tamanho maior. Ótimo custo benefício, confortável pra correr.",+100,48.11,0.888888888888889,0.004297047157338,0.1475409836065573,0.063486920637086,406,101,7,100.0,0.0086402910413824,0.0300136425648021
1470,Kit 6 Cuecas Box Boxer Lupo Sem Costura Masculina Microfibra,4.8,325.0,20.0,lupo,microfibra,Masculino,primavera/verão,"Produto de boa qualidade com excelente acabamento!.
Não é identico a outras cuecas lupo que já tenho, mas não parecem ser falsificações!.
Vou usar pra ver como se desgastam!! por hora estou satisfeito!.",Tenho outros produtos lupo com qualidade bem superior a esse.,Perfeito !!! irei comprar novamente. Ja lavei e tudo e continua a mesma coisa!.,+1000,183.88,0.925925925925926,0.0356985456148082,0.2459016393442623,0.2950104021008833,463,101,7,1000.0,0.0422919508867667,0.0300136425648021
1491,Short Jeans Plus Size Feminino Cintura Alta Com Lycra Curto,4.2,9.0,8.0,menina linda,algodão,Feminino,primavera/verão,"Perfeito! material muito bom, gostei muito. 😊.",Ótimo amei.,"Gostei demais dos shorts. Perfeitos. E vou comprar outra vez,com certeza! muito obrigada a vcs♡.",+25,59.1,0.7037037037037038,0.000881445570736,0.0491803278688524,0.0822277548514716,509,25,7,25.0,0.0100045475216007,0.176443838108231
1495,Kit 3 Bermudas Fitness Roupas Femininas Com Tapa Bumbum B05,5.0,7.0,36.0,própria,suplex poliéster,Feminino,primavera/verão,"Indico o produtos, superou a expectativas.",Gostei muito do produto e oque eu esperava recomendo.,"Perfeito, não fica enrolando na cintura e nem decendo,amei veste muito bem.",+25,116.81,1.0,0.000661084178052,0.5081967213114754,0.1806384502574946,633,154,7,25.0,0.0100045475216007,0.0031832651205093
1504,Calça Jeans Feminina Boot Cut Índigo Sawary,4.5,318.0,17.0,sawary,algodão,Feminino,primavera/verão,"Eu comprei um número a mais e ficou larga recomendo comprar o número certo, tenho 76k visto 44 comprei 46 ficou um pouco grande dá pra usar tranquilo, gostei muito.","Ótimo, material! gostei! veio igual da foto! pedi 38, peso 60 kg e 1,60 cm de altura, no comprimento está um pouco maior, nada que uma costura resolva na barra.","Jeans bem mais grosso do que a da cor clara, pouca elasticidade, mesmo assim confortável. Sigam as medidas da descrição, uso 46, mas pedi a 48 e ficou certinho, só vou ter que fazer a barra, pois tenho 1,60 e 85k.",+1000,144.99,0.8148148148148148,0.0349272807404142,0.1967213114754098,0.2286927458135807,692,25,7,1000.0,0.0068212824010914,0.176443838108231
1515,Kit 2 Cuecas Boxer Lupo Basic Microfibra Sem Costura Box,4.8,1429.0,30.0,lupo,microfibra,Masculino,primavera/verão,Excelente produto e muito durável. Não sei como vai ser pq este produto dura muito. Comprei novo conjunto depois de quase 3 anos. Então se você quiser esquecer de comprar cueca pelo menos por 3 anos este é o produto ideal.,"Já conhecia esse produto de alta qualidade e preço baixo, tenho uma cueca dessa a 5 anos e ainda vai servir por mais tempo kkk, as cuecas de poliamida da lupo são excelentes, já as de algodão não duram um mês, não comprem as de algodão, comprem essa de poliamida são muito boas e bem duráveis m.","Produto original, estava com medo de comprar e não ser igual ao original porém me surpreendeu a qualidade do produto em breve vou comprar mais cuecas!.",+10mil,69.99,0.925925925925926,0.1573380343763772,0.4098360655737705,0.1007980628218682,463,101,7,10000.0,0.0422919508867667,0.0300136425648021
1525,Kit 5 Short Saia Rodado Fitness Feminino Roupas De Academia,5.0,8.0,21.0,própria,poliéster,Feminino,primavera/verão,Muito bom ótimo.,Simplismente perfeito em todos aspectos.,"Adorei o produto, ficou perfeito, quero comprar mais.",+50,159.32,1.0,0.000771264874394,0.2622950819672131,0.2531291565771972,633,122,7,50.0,0.0100045475216007,0.1173260572987721
1530,Calça Feminina Jeans Boot Índigo Sawary,4.7,71.0,30.0,sawary,algodão,Feminino,outono/inverno,"Pelas medidas do site achei que a calça ficaria pequena, comprei um número a mais e ela ficou grande kkk.
O jeans é bem macio, eu já conheço a marca sawary e ela é ótima. A calça é linda. Eu comprei na cor indigo e veio um azul claro.",Este modelo não possui bolso frontal. Essa informação poderia estar na descrição.,A calça é perfeita. A numeração é exatamente igual a que visto. Recomendo.,+100,158.99,0.888888888888889,0.00771264874394,0.4098360655737705,0.2525664199720337,692,25,3,100.0,0.0068212824010914,0.176443838108231
1531,Bolero De Plush Com Tiara Bebe Menina Infantil Várias Cores,4.8,160.0,10.0,mundo nina,plush,Bebês,outono/inverno,"Tecido muito bom, muito lindo eu amei! super recomendo!.",Maravilhoso.,"Ele é perfeito porém pequeno , bem quentinho , delicado e lindo , eu amei mas na próxima compraria um número bem maior.",+1000,44.23,0.925925925925926,0.0175187307183781,0.0819672131147541,0.0568705023703147,549,115,3,1000.0,0.0004547521600727,0.0004547521600727
1553,Conjunto Térmico Inverno Frio Extremo Forro Fleece Roupa Nev,4.1,25.0,34.0,neve segunda pele térmica,"fibra bambu, elastano, poliéster",Feminino,outono/inverno,"Tamanho em si ficou bom. Porem o.
Comprimento da manga e pernas ficou curto. Comprei tamanho 36/38 e ficou curto.","Comprei tamanho g, pois uso 42/44, a calça ficou justinha, já a blusa ficou grande, precisa ser um tamanho p ou m, porém na descrição falava tecido fibra de bambu e principalmente que não fazia bolinhas e ela encheu de bolinhas, na primeira lavagem já parece roupa velha surrada. Tbm não parece ter filtro uv 50.",O produto não é térmico somente tem pelinhos por dentro normal o que não aquece diferente dos outros.,+100,119.54,0.6666666666666666,0.002644336712208,0.4754098360655738,0.1852938167183929,564,67,3,100.0,0.0031832651205093,0.0004547521600727
1563,Short Jeans Feminino Destroyed Cós Alto Com Lycra Desfiado,4.2,53.0,10.0,menina linda,jean,Feminino,primavera/verão,"Não veio a cor que pedi. Comprei o azul claro com borda branca e mandaram um outro no lugar. Fiquei chateada, não era o que eu escolhi :( como já estou com viagem marcada para amanhã e preciso do short, infelizmente não terei tempo de devolver. Decepcionada.",Se esse é o tamanho 46 imagina o 38.,Adorei!.,+100,44.49,0.7037037037037038,0.005729396209784,0.0819672131147541,0.057313870604686,509,74,7,100.0,0.0100045475216007,0.0254661209640745
1565,Calça Jeans Feminina Cintura Alta Com Lycra Levanta Bumbum,4.5,329.0,6.0,destmoda,jeans,Feminino,outono/inverno,"Calça com bastante elastano, top mesmo, minha namorada ja tem um belo corpo , mais essa calça fica desumano.","Gente um alerta pra quem não gosta de jogar dinheiro fora, infelizmente cair calça de péssima qualidade, aqui na minha cidade uma calça dessas custa no máximo 40 reais e olhe lá paguei esse valor um assalto ao bolso. Não comprem, material horrível que ódio, não vale nem a estrela que dei.","Amei, fica linda no corpo, se adpata certinho, modelo igual a foto, qualidade do material boa, ela realmente empina o bumbum, modela bem o corpo. Eu peguei tamanho 42 (peso 75kg e 1,64 de altura) ficou otimo.",+1000,149.99,0.8148148148148148,0.0361392684001762,0.0163934426229508,0.2372190580130282,229,75,3,1000.0,0.0004547521600727,0.0300136425648021
1569,Kit 3 Calça Jeans Feminina Levanta Bumbum Cintura Alta,4.3,312.0,5.0,stillger,algodão,Feminino,outono/inverno,"Maravilhoso, super recomendo, ficou perfeita 👏👏👏.",Pedi um produto veio outro sem falar no tamanho.,"Do kit, uma calça ficou perfeita, uma ficou boa e a outra não serviu, ficou pequena, pedi a loja para trocar somente a que não serviu, pois como eu só experimentei uma achei que daria certo as outras e já usei, quando fui usar a terceira, não serviu. A resposta da loja foi que só troca o kit inteiro. Mas como vou trocar um kit de calças 38 por outro kit de calça 38 se apenas 1 veio no tamanho errado?.",+1000,174.24,0.7407407407407406,0.0342661965623622,0.0,0.2785716721803485,736,25,3,1000.0,0.0327421555252387,0.176443838108231
1573,Roupa De Frio Térmica Feminina Blusa E Calça Segunda Pele,4.6,29.0,35.0,"kit frio inverno, blusa manga longa segunda pele,",92% poliester 8% spandex (elastano),Sem gênero,não definido,"Produto bom, serviu muito bem.",Nao é tao termica quanto parece. Peguei um frio de 3°e passei frio com o conjunto +uma camiseta e um moletom e uma calça por cima.,Comprei para presente.,+100,89.49,0.8518518518518517,0.003085059497576,0.4918032786885247,0.1340506803997135,413,14,1,100.0,0.0004547521600727,0.0004547521600727
1590,Calça Feminina Jogger Malha De Viscolycra Esportiva Cós Alto,4.2,14.0,8.0,aristem roupas de academia,viscolycra,Feminino,não definido,"Confortável, mas muito fino tecido, um pouco transparente.","Excelente, fresca, em moletinho fino. Muito bem costurada!.","A calça é maravilhosa. Tem um ótimo caimento no corpo! sou plus size, tenho quadrilha 122cm e a gg ficou perfeita. O tecido é mais pra uma meia estação, mas pro que eu quero serviu perfeitamente. Já quero mais uma.",+50,63.78,0.7037037037037038,0.001432349052446,0.0491803278688524,0.0902083830701545,51,173,1,50.0,0.0004547521600727,0.0059117780809458
1595,Conjunto Motocross Amx Infantil Moto Azul/vermelho/branco,4.5,14.0,5.0,amx acessorios,poliéster,Sem gênero infantil,não definido,"Bonito. Tecido e acabamento de boa qualidade.
Perfeito.",Boa qualidade… ótimo!!!.,"Muito bom, serviu certinho.",+100,190.5,0.8148148148148148,0.001432349052446,0.0,0.3062992394529518,40,122,1,100.0,0.0004547521600727,0.1173260572987721
1601,Kit 05 Shorts De Academia Treino Roupas Moda Fitness Atacado,4.2,5.0,16.0,própria,poliéster,Feminino,não definido,Eu gostei só que veio com estampa aí mostra sem ufff não compro mais.,Dentro da normalidade de uso e resistencia.,Amei os shorts muito confortavel.,+25,119.96,0.7037037037037038,0.000440722785368,0.180327868852459,0.1860100269431465,633,122,1,25.0,0.0100045475216007,0.1173260572987721
1602,Kit 10 Cueca Boxer Lupo Sunga Box Algodão 100% Original,4.7,26.0,30.0,lupo,algodão,Masculino,outono/inverno,"Muito bom produto, excelente qualidade!.",Sempre compro está marca.,"Só uso essa , a melhor cueca que existe.",+100,247.5,0.888888888888889,0.00275451740855,0.4098360655737705,0.4034991985266532,463,25,3,100.0,0.0422919508867667,0.176443838108231
1614,Kit 2 Calças Jeans Masculina Com Lycra.,4.6,2146.0,5.0,almix,jean,Masculino,primavera/verão,"Obs: eu não suporto calças apertadas , e nem muito largas.
Numeração ( 42 ). Ficou ótima em mim.
Tenho 1. 80 de altura e uns 75kg.
Na cintura e nas coxas, ficou muito boa , ou seja.
- não ficou apertado e nem muito largo. ( ficou legal ).
Do joelho para baixo , ficaram retas ou seja, não tem modelagem , más, tbem não ficou feio , pois não ficou larga.
- elas ficam alinhado com o corpo , porém, não apertado.
Então ela é uma boa escolha para compra.
Porém , só um alerta !.
* ela é fina , tecido leve.
* comprimento é super grande.
Resumindo.
De 1 á 10 , ela valeu uns ( 8 ).","Gostei, as calças vestem bem, são confortáveis e o tecido tem qualidade. Por ter gostado resolvi comprar outro kit com três calças. Nesse kit tenho um reparo a fazer: a numeração que pedi foi 40 e a calça azul clara, apesar de ter na etiqueta a numeração 40, tinha o tamanho correspondente a 42 ou 44. Ficará grande e terei que mandar ajustar. O controle de qualidade poderia ser melhor efetuado nesses casos. No mais nada a reclamar.","Recomendo ótimo jeans tenho 1. 80 altura e 97 kg a número 48 ficou ótimo se eu quiser vou fazer é só o abanhado mas não fiz dobrei por dentro nem se percebe , não ficou colada no corpo que pra mim é ótimo.
Comprarei novamente em breve.
Que deus abençoe a todos.",+10mil,134.3,0.8518518518518517,0.2363375936535919,0.0,0.210463490331162,26,74,7,10000.0,0.0054570259208731,0.0254661209640745
1619,Conjunto Blusa Calça Feminina Roupa Inverno Promoção J11,4.8,38.0,11.0,confecção própria,malha crepe,Feminino,não definido,"Eu amei meus conjuntos, são lindos, as cores iguais os da foto, o tecido bom, os conjuntos são muito confortáveis,amei com certeza comprarei outras cores. Recomendo, vocês também vão gostar.","Conjunto lindo. A numeração é perfeita, comprei o p, serviu certinho, tenho 1,64 de altura,e peso 61 kg, ficou lindo no corpo,o tecido é maravilhoso, comprarei mais concertesa.","Adorei já vou pedir outro, de outra cor ficou perfeito.",+100,78.22,0.925925925925926,0.004076685764654,0.0983606557377049,0.1148323727021588,195,90,1,100.0,0.0004547521600727,0.0004547521600727
1622,Kit 3 Calças Jogger Masculina Jeans Com Punho Elastico,4.3,779.0,9.0,gbgsports,sarja,Masculino,outono/inverno,"Calças com material inferior. Não vieram do mesmo tamanho. Pedi tamanho m/42 parece ser p e a que ficou boa parece ser g. Essas medidas não são confiáveis. O elástico do calcanhar de uma delas está frouxo. Tive preguiça de devolver. Esse deslocamento de ir até os correios me desanima. Comprei mais duas em outra loja. Vieram perfeitas. As daqui consegui vender pra compensar. Quem não liga pra esses detalhes pode comprar, fora isso não aconseho.","O produto veio com manchas e com mal cheiro e a qualidade do pano e horrível, não recomendo efetuarem uma compra nessa loja nem responder o chat que mandei falando das avarias do produto responderam totalmente sem suporte.","Comprei o kit que são três, porém são todas as três com a mesma numeração ,mas três tamanhos diferentes ,duas dá pra eu usar ,uma está perdida pelo tamanho, não compraria novamente, assim como de outros que atenderam minhas espectativas voltei à comprar novamente , tanto pra mim quanto aos meus próximos ,a qualidade atende ao que é descrito,.",+1000,182.34,0.7407407407407406,0.0857205817540767,0.0655737704918032,0.2923842979434535,324,138,3,1000.0,0.0059117780809458,0.0154615734424738
1627,Shorts Masculino Squadra 21 adidas,4.7,82.0,30.0,adidas,poliéster,Masculino,não definido,Top top original só alegria.,"O tecido do short é fino, mas parece ser resistente. Pelo preço, deveria ter pelo menos bolsos, o que é um ponto negativo. Porém tem uma ótima elasticidade para realização de ejercicios físicos. Dependendo da cor e do tamanho, a roupa de baixo pode aparecer.",Excelente produto.,+100,119.99,0.888888888888889,0.008924636403702,0.4098360655737705,0.1860611848163432,13,122,1,100.0,0.0109140518417462,0.1173260572987721
1636,Kit 10 Cuecas Boxer Lupo Cueca Box Algodão Atacado Original,4.6,78.0,11.0,lupo,algodão,Masculino,outono/inverno,Maravilhoso confortável e belíssimo acabamento.,"Excelente produto, super recomendo!.","Meu esposo já é acostumado a usar essa marca, as cuecas chegaram exatamente iguais a que compramos em loja física. O unixo problema é que todas chegaram de tamanho um pouco menor que o normal, mesmo estando marcado o tamanho correto.",+1000,218.61,0.8518518518518517,0.008483913618334,0.0983606557377049,0.3542341666382456,463,25,3,1000.0,0.0422919508867667,0.176443838108231
1639,Kit 3 Calça Jeans Feminina Levanta Bumbum Atacado,4.3,9.0,8.0,stillger,algodão,Feminino,outono/inverno,"Linda ,mas a costura está abrindo.","Foi a numeração que pedi e uso normalmente, porém ficou muito pequeno, recomendo comprar 2 números maiores.",Tamanho muito menores do que o pedido.,+50,179.41,0.7407407407407406,0.000881445570736,0.0491803278688524,0.2873878789945772,736,25,3,50.0,0.0327421555252387,0.176443838108231
1647,Kit 5 Cuecas Anti Assadura Esportiva Sem Costura Premium,4.9,50.0,37.0,keeper,microfibra,Masculino,primavera/verão,"Estava com dúvidas comprei pelas avaliações. Exatamente como eu queria cuecas boas de otima qualidade, uso m 40 elas são bem justa sou magro. Recomendaria um numero maior sem duvidas.",Meu filho gostou.,Ótimo.,+100,199.97,0.9629629629629632,0.005398854120758,0.5245901639344263,0.3224480747587053,406,101,7,100.0,0.0086402910413824,0.0300136425648021
1658,Kit 3 Short Bermuda Masculina Dry Fit Academia Plus Size,4.8,33.0,10.0,daze modas,poliéster,Masculino,primavera/verão,"Qualidade muito bom, recomendo!.",Excelente produto gostei.,Excelente.,+100,135.31,0.925925925925926,0.003525782282944,0.0819672131147541,0.2121858053954503,216,122,7,100.0,0.0040927694406548,0.1173260572987721
1679,Conjuntinho Mozao Casal Homem Mulher Estampado Viagem Roupa,4.8,8.0,37.0,iz store,poliéster,Sem gênero,primavera/verão,Top.,"Adorei, o conjunto que mais usamos. Confortável e lindos.",Top adorei ficou perfeito o material de qualidade!.,+100,78.7,0.925925925925926,0.000771264874394,0.5245901639344263,0.1156508986733058,382,122,7,100.0,0.0004547521600727,0.1173260572987721
1688,Calça Legging Moletom Infantil Menina Malwee Kids,5.0,6.0,11.0,malwee kids,algodão,Meninas,outono/inverno,"As calças são maravilhosas malwee é malwee comprem sem medo , minha netinha tem 2 anos e 8 meses pesa 14 kilos comprei tamanho 4 ficou ótima.",Malwee sempre com muita qualidade!.,Calça muito boa. A compra teve como objetivo o uso para uniforme escolar.,+25,51.27,1.0,0.00055090348171,0.0983606557377049,0.0688755499471368,480,25,3,25.0,0.0004547521600727,0.176443838108231
1706,Kit 6 Cuecas Box Sem Costura Boxer Lupo Microfibra Original,4.7,76.0,15.0,lupo,microfibra,Masculino,primavera/verão,"Muito bom, comprei a mais o menos 5 mês atrás e nem uma deu problema, recomendo a todos.","De boa qualidade, excelente produto, confortável e esta no preço bom, já usei outras marcas e não tive a mesma satisfação.","Comprei o produto de acordo com os comentarios que li, pode ate ser original, mas a qualidade e bem inferior a das que comprei diretamente em uma na loja da marca e por uma diferenca de preço minima, sem contar que ao vestir nao me deixou confortavel como as que ja tenho, mas como ja usei nao solictar a troca.",+1000,183.06,0.888888888888889,0.00826355222565,0.1639344262295082,0.2936120869001739,463,101,7,1000.0,0.0422919508867667,0.0300136425648021
1720,Conjunto Calça Blusa Térmica Roupafrio Segunda Pele Feminino,4.0,16.0,44.0,hangar moriah,composição: 92% poliester 8% spandex,Feminino,outono/inverno,"A blusa é ótima pq realmente é termica, mas a calça é pura mentira nada mais que uma meia calça que nem. Forrada é como a blusa. E só. Meia é pequena veio com diferença de tamanho nas pernas.",Muito boa recomendo compraria de novo.,"Gostei bastante! não muito bom, tecido fino, mas atende ao esperado.",+100,139.32,0.6296296296296297,0.00165271044513,0.639344262295082,0.2190239077794072,351,55,3,100.0,0.0013642564802182,0.0045475216007276
1728,Calça Mom Consciencia Jeans 00101 Jeans Medio,4.7,6.0,20.0,consciência,algodão orgânico,Feminino,outono/inverno,Excelente qualidade e design.,"Eu amei a calça ela não tem elastano,mais e um tecido que fica confortável no corpo,so um porém não é a mesma da foto,mais eu achei linda a q veio🥰.","É diferente da foto, não tem esses detalhes de destroyed nos bolsos e também em achei que pega um pouco embaixo, mas tá ok pela qualidade do jeans.",+25,153.19,0.888888888888889,0.00055090348171,0.2459016393442623,0.2426758978206746,203,33,3,25.0,0.0022737608003638,0.0045475216007276
1740,Short Saia Rodado Fitness Feminino Roupas Para Academia,4.9,18.0,22.0,akorio,poliéster,Feminino,primavera/verão,Amei o pano é maravilhoso.,Dei de presente.,"Simplesmente maravilhosa, uso 42 e a g ficou bem justa, mas sei que a tendência do tecido e dar uma laciada após a lavagem, a qualidade do tecido surreal, amei, vou comprar outras cores assim que possível.",+100,37.19,0.9629629629629632,0.001873071837814,0.2786885245901639,0.0448654547934927,21,122,7,100.0,0.0045475216007276,0.1173260572987721
1744,Combo 4 Bermudas Plus Size Até O Joelho Estampada Cós Alto,4.1,39.0,10.0,kit bermuda feminina academia ginástica atacado,poliéster,Feminino,primavera/verão,Comprei 3g e ficou certo na cintura mas acho que 2g ficaria melhor peso 90k.,"Além do material não ser o anunciado, a costura de carregacão, desculpe mas péssima qualidade, costumo comprar através do ml mas agora a qualidade do vestuário e calçados deixam muito a desejar.",Todas maravilhosas.,+100,116.62,0.6666666666666666,0.004186866460996,0.0819672131147541,0.1803144503939156,410,122,7,100.0,0.001819008640291,0.1173260572987721
1755,Kit 4 Cuecas Lupo Algodão Sunga Boxer Adulto Cotton Original,4.5,193.0,19.0,lupo,algodão,Masculino,outono/inverno,Só uso dessa marca é algodão puro.,Excelente. Valeu a pena.,"Nota 10, sempre estou comprando e ficam perfeitas.",+1000,85.53,0.8148148148148148,0.0211546936976641,0.2295081967213114,0.1272978411377511,463,25,3,1000.0,0.0422919508867667,0.176443838108231
1756,Kit 03 Conjuntos Top + Short Roupas Para Academia Atacado,4.2,115.0,24.0,akorio,suplex,Feminino,primavera/verão,"O material e ótimo,mas tem um porém e muito pequeno ! eu uso (p) pedi o (m) e ficou bem apertado ! serviu pra minha filha de 9 anos o material e bom estampa bonita !.",Tenho 1. 50 de altura e 50 kilos peguei tamanho g ficou certinho pra mim porém o shorts poderia ser com a cintura mais alta ficou aparecendo o umbigo. Fora isso gostei bastante indico pegarem a numeração maior pois uso m e peguei g.,"Amei, as estampas sao bem coloridas, veste super bem, o tecido è otimo! comprarei mais vezes.",+1000,136.04,0.7037037037037038,0.0125605993829881,0.3114754098360656,0.2134306469765697,21,151,7,1000.0,0.0045475216007276,0.0104592996816734
1759,Kit 4 Cuecas Boxer Mash Algodão Cotton Box Original Oferta,4.8,46.0,7.0,mash,algodão,Masculino,primavera-verão outono-inverno,"Tecido bom! macia ,confortável! para criança de 11 anos, com aprox. 50kg, recomendo o tam. M.",São ótimos.,E ótimo fiquei satisfeito com o produto 👏👏👏.,+100,78.46,0.925925925925926,0.00495813133539,0.0327868852459016,0.1152416356877323,494,25,6,100.0,0.0109140518417462,0.176443838108231
1762,Kit C/3 Un Camisas Blusas Masculinas Long Line Oversize Swag,4.6,1396.0,6.0,éved maromba malhar fitness machão,tshirt atual estilosa slim barata,Masculino,primavera/verão,"Vale mais do que a pena comprar viu gente. Confie em mim, eu sou chato quando a questão é roupas. O mais incrível é o preço, aqui na minha cidade uma só camisa dessa custa o preço das 3, ou mais. Não me arrependo e super recomendo.","Tenho 1,78 70kg. Em mim ficou bom o tamanho m porem um pouco apertada, se voce tiver mais de 70 kg não compre tamanho m porque nao vai servir, essa informação é pra ajudar vocês.","Realmente pelo preço não se pode reclamar, o corte e caimento das camisetas são perfeitos, muito bem desenhada ao corpo, mas o que pega é a qualidade do tecido, é muito fino e frágil, recomendo um certo cuidado, não lavar na máquina e sim na mão para ela durar mais. Outro ponto foi que notei foi que a cor preta aparentemente não veio g como a cinza e a branca e também o tecido é diferente das demais, por exemplo a preta achei um tecido um pouco melhor e mais elástico. Enfim, são camisetas básicas e simples, porém muito bonitas, recomendo sim a compra!.",+10mil,78.16,0.8518518518518517,0.1537020713970912,0.0163934426229508,0.1147300569557654,841,169,7,10000.0,0.0004547521600727,0.0004547521600727
1765,Kit 10 Cuecas Boxer Lupo Microfibra Sem Costura Box Original,4.8,197.0,20.0,lupo,microfibra,Masculino,primavera-verão outono-inverno,"Produto de ótima qualidade, original. Para as pessoas que disseram que o pano é fino, é pq não conhecem esse tipo de material e esse modelo da lupo. Produto de qualidade.",Produto muito bom gostaria que tivesse mais opcao de cores.,Muito bom igual as que eu comprei em loja. Pretendo comprar novamente.,+1000,321.32,0.925925925925926,0.0215954164830321,0.2459016393442623,0.5293816718392961,463,101,6,1000.0,0.0422919508867667,0.0300136425648021
1774,Calça Moletom Masculina Flanelada Com Punho Malwee,4.6,155.0,11.0,malwee,algodão,Masculino,outono/inverno,"Gostei muito, boa qualidade. Só ficou um pouco grande, mas porque eu pedi um número acima com medo de ficar justo, mesmo assim vestiu muito bem. Único problema é não ter bolso dianteiro.","Compraria de novo, pois os produtos são excelentes! parabéns!.",Não vale a pena pagar 120. 00reais.,+1000,119.79,0.8518518518518517,0.0169678272366681,0.0983606557377049,0.1857201323283653,479,25,3,1000.0,0.0031832651205093,0.176443838108231
1775,Short Saia Jeans Plus Size Feminino Cintura Alta Com Lycra,4.9,77.0,11.0,stillger jeans,algodão,Feminino,primavera/verão,Perfeito demais!!!.,"Ele é lindo igual da foto,só tem um problema as medidas dele é bem pequena eu uso 48 e pelas medidas da tabela pedi o 52 e ficou perfeito.","Minhas expectativas foram preenchidas, amei. Seguir a dica de pegar um número maior do aue eu visto, fiquei com receio de ficar grande um saco, maia ficou maravilhoso, material ótimo 😍, igual a foto, veste muito bem,.",+100,72.88,0.9629629629629632,0.008373732921992,0.0983606557377049,0.1057262712731489,738,25,7,100.0,0.0154615734424738,0.176443838108231
1790,Calça Masculina Aeroready Sereno Slim Legend Ink adidas,4.2,10.0,13.0,adidas,poliéster,Masculino,primavera/verão,A qualidade addidas não tem o que falar.,"Curti, calça bacana, tecido confortável, recomendo.",Nao é slim fit como dizem ! é um modelo mais largo ! entao se quiser algo slim melhor comprar a tiro ! sugiro tirar esse nome slim.,+100,249.99,0.7037037037037038,0.000991626267078,0.1311475409836065,0.4077453020019781,13,122,7,100.0,0.0109140518417462,0.1173260572987721
1817,Kit 2 Calças Masculina Jeans Pra Trabalho Corte Reto,4.6,34.0,10.0,multimarcas,100% algodão,Masculino,outono/inverno,Produto atende perfeitamente a proposta!!.,Eu gostei muito do meu produto parabéns.,Ótimo produto.,+100,128.63,0.8518518518518517,0.003635962979286,0.0819672131147541,0.2007946522969885,543,0,3,100.0,0.0118235561618917,0.0009095043201455
1822,Roupa Feminina Plus Size Blusa Calça Frio Peluciado Proteção,4.6,5.0,42.0,neve segunda pele térmica,poliéster/elastano,Feminino,outono/inverno,Uso e recomendo. !!! quem ainda não comprou corra logo para comprar pois é excelente.,"A blusa ok, a calça achei pequena.",Produto ótimo e quente.,+25,132.56,0.8518518518518517,0.000440722785368,0.6065573770491803,0.2074963336857542,564,127,3,25.0,0.0031832651205093,0.001819008640291
1823,Kit 3 Cuecas Masculinas Slip Cotton Calvin Klein,5.0,102.0,30.0,calvin klein underwear,algodão,Masculino,primavera/verão,"Produto de ótima qualidade, serviu perfeitamente, atendeu as necessidades.","Muito bom. Muito bom. Aqui tem que escrever 2000 paginas.
Me senti na escola !!! redacao. 20 linhas.",Excelente qualidade. Produto original.,+1000,229.9,1.0,0.011128250330542,0.4098360655737705,0.3734865795845981,161,25,7,1000.0,0.0004547521600727,0.176443838108231
1830,"Kit Com 4 Short Para Usar Embaixo Da Roupa, Vestido, Saia",4.2,88.0,11.0,silvest lingerie,poliéster,Feminino,primavera/verão,Estou dando 5 estrelas em todos pq tudo que compro no mercado livre e ótimo.,São só fino mais serve pra usar não esquenta sao fresquinho.,"Não veio como na foto.
É minúsculo!.
O tamanho eg adulto doei para uma criança de 9 anos.
O cumprimento das coxas veio errado! na foto mostra uma coisa e veio com 3 dedos !.
Não gostei!.",+1000,57.93,0.7037037037037038,0.009585720581754,0.0983606557377049,0.0802325977968009,719,122,7,1000.0,0.0022737608003638,0.1173260572987721
1831,Kit 10 Cuecas Lupo Boxer Masculinas Atacado Box 523 Algodão,4.2,621.0,5.0,lupo,algodão 95%,Masculino,2021,"Horrível, não são originais, tecido áspero, tamanho não veste bem.","Produto de boa qualidade, compraria novamente. Satisfeita.",Excelente fica justinha no corpo bom material.,+1000,179.9,0.7037037037037038,0.0683120317320405,0.0,0.2882234575901231,463,27,0,1000.0,0.0422919508867667,0.003638017280582
1839,Macacão Roupa De Apicultor Completa Proteção Contra Abelhas,4.3,178.0,24.0,celi,brim 100% algodão,Sem gênero,não definido,Muito bom o macacão. Consegui retirar as vespas sem problemas. Fica bem fechado. Nem foi necessário fechar botas e luvas com fita. É bem resistente e vai durar bastante tempo.,Ficou ótimo perfeito.,Beleza tudo ok muito boa.,+1000,203.88,0.7407407407407406,0.0195019832525341,0.3114754098360656,0.3291156508986733,177,46,1,1000.0,0.0077307867212369,0.0090950432014552
1873,Short Masculino Logo adidas,4.7,14.0,30.0,adidas,poliéster,Masculino,não definido,Perfeito marca adidas dispensa comentários.,Ótimo! recomendo. 👍🏽.,Bom produto.,+100,119.99,0.888888888888889,0.001432349052446,0.4098360655737705,0.1860611848163432,13,122,1,100.0,0.0109140518417462,0.1173260572987721
1883,Kit 10 Cuecas Lupo Boxer Masculinas Atacado Box 523 Algodão,4.2,621.0,5.0,lupo,algodão 95%,Masculino,2021,"Horrível, não são originais, tecido áspero, tamanho não veste bem.","Produto de boa qualidade, compraria novamente. Satisfeita.",Excelente fica justinha no corpo bom material.,+1000,179.9,0.7037037037037038,0.0683120317320405,0.0,0.2882234575901231,463,27,0,1000.0,0.0422919508867667,0.003638017280582
1890,Moletom Infantil Calça Masculina Juvenil Kit 3 Calca Moleton,3.3,24.0,41.0,colbacho,algodão,Sem gênero,outono/inverno,"Pelo valor o produto está de acordo, mas n compraria denovo pq peguei o maior tamanho e ficou curta e o material cedeu mt na lavagem.",Horrível.,Td conforme o descrito.,+100,99.93,0.3703703703703703,0.002534156015866,0.5901639344262296,0.1518536202721599,192,25,3,100.0,0.0054570259208731,0.176443838108231
1892,Macacão Roupa De Apicultor Completa Proteção Contra Abelhas,4.3,178.0,24.0,celi,brim 100% algodão,Sem gênero,não definido,Muito bom o macacão. Consegui retirar as vespas sem problemas. Fica bem fechado. Nem foi necessário fechar botas e luvas com fita. É bem resistente e vai durar bastante tempo.,Ficou ótimo perfeito.,Beleza tudo ok muito boa.,+1000,203.88,0.7407407407407406,0.0195019832525341,0.3114754098360656,0.3291156508986733,177,46,1,1000.0,0.0077307867212369,0.0090950432014552
1893,Kit 10 Cuecas Boxer Mash Algodão Cotton Box Original Oferta,4.6,1701.0,22.0,mash,algodão,Masculino,primavera/verão,"As cuecas são boas, porém meu marido usa g e pedir gg por causa dos outros comentários de compradores que falaram ser forma pequena. Então ficaram muito grandes!!! com certeza logo vão lacear por esse motivo. Tentar lavar a mão para evitar que fique caindo tão rápido. Recomendo a compra, porém podem pedir o tamanho correto que usam. Sem essa presepada de pedir tamanho maior. Sobre qualidade somente depois de lavar para saber ao certo!!! na próxima, pedirei o número que ele realmente usa.","E o tamanho certo, mas em baixo dela, fica muito curto, apertado demais. Aperta todos os ovos, na moral me arrependo de ter comprado. Nesse valor ainda, melhor ter comprado da lupo.","Produto não parece.
Original e veio 2 modelos completamente distintos. Costuras grosseiras, elastico parece esgarçado e com rebarbas.",+10mil,229.39,0.8518518518518517,0.1873071837814015,0.2786885245901639,0.3726168957402544,494,25,7,10000.0,0.0109140518417462,0.176443838108231
1894,"Bermuda Térmica Masculina Esportiva Corrida, Academia Treino",4.8,1005.0,24.0,keeper,microfibra,Masculino,primavera/verão,"Uso 44 o que teoricamente seria tamanho m pela tabela da fabricante, mas comprei a g por precaução e dei sorte pq se tivesse comprado m não teria servido, a g já ficou em cima da risca.","Meu esposo usa 44 e pegamos g pq vimos nos comentários que a forma é pequena.
E é realmente! quem veste m, melhor pegar g!.
O material é simplesmente maravilhoso!!!!!.
Vale muito a pena a compra. Iremos pegar outras!!!!.","Tenho 1,84 de altura e 68 kg, peguei o tamanho m e ficou um pouco pequeno, devia ter pego o g, mas o produto estica e é bem maleável, fica bem justo e proteje bem do frio.
Exelente produto, recomendo.",+10mil,48.52,0.925925925925926,0.1106214191273688,0.3114754098360656,0.0641860782374407,406,101,7,10000.0,0.0086402910413824,0.0300136425648021
1898,Calça Feminina Sarja Mom - 274383 Verde Sawary,4.8,18.0,24.0,sawary jeans,algodão,Feminino,outono/inverno,"Achei bonita, pessoalmente lembra um verde oliva. Uso 44, comprei 46, ficou ótima, sobrou só um pouquinho na parte de trás da cintura. É mom, um pouco larguinha nas pernas.",Perfeito? igual a da foto.,Calça linda.,+50,185.99,0.925925925925926,0.001873071837814,0.3114754098360656,0.2986085058490502,693,25,3,50.0,0.0027285129604365,0.176443838108231
1899,Lote 10 Short Infantil Roupa Menina Atacado De Cotom Oferta,4.5,10.0,10.0,gente grande kids,malha,Meninas,primavera/verão,"Excelente para usar no dia a dia, confortável.","Ótimo custo benefício, excelente material do tecido, não é transparente 🤩.",Muito bom.,+50,199.99,0.8148148148148148,0.000991626267078,0.0819672131147541,0.3224821800075031,326,89,7,50.0,0.0004547521600727,0.0004547521600727
1904,Conjunto Feminino Calça E Blusa Manga Longa Social Roupafrio,4.4,255.0,8.0,nana fashion,viscolycra,Feminino,outono/inverno,"Os conjuntos são maravilhosos, qualidade excelente, a numeração é perfeita. Gostei tanto que comprei um de cada cor.","Comprei 2 conjuntos,parece um pijama de quinta categoria.
A malha tão fina, que parece papel transparente.
Pura enganação.",Conjunto lindo. Não é transparente. Tamanho certo com as medidas. Simples e lindo. Perfeito para dias frescos. Com certeza compraria outro.,+1000,129.5,0.777777777777778,0.0279858968708682,0.0491803278688524,0.2022782306196923,559,173,3,1000.0,0.0004547521600727,0.0059117780809458
1915,Calça Jeans Infantil Wideleg Destroyed Menina Blogueirinha,4.7,58.0,10.0,maluket,algodão calças preta,Meninas,primavera/verão,"Linda calça, minha filha amou,pessoal pode comprar sem medo,tecido ótimo,vai durar uma vida xe tão grosso q é o jeans, perfeito,e veio com um cheirinho de perfume q a casa toda ficou cheirosa kkkk, perfeito,valeu cada centavo.",Minha filha amou.,Linda minha afilhada amou.,+100,119.55,0.888888888888889,0.006280299691494,0.0819672131147541,0.1853108693427918,478,28,7,100.0,0.0013642564802182,0.0004547521600727
1921,Kit 10 Cuecas Boxer Selene Box Microfibra Masculina Atacado,4.8,278.0,25.0,selene,poliamida,Masculino,outono/inverno,"Comprei um tamanho top.
Super confortável material parece ser ótimo.","Comprei tamanho p para meu filho que tem 12 anos, 1. 70 de altura e 54kg. Ficou perfeita. Excelente material, produto de qualidade.","Boa qualidade, me surpreendeu. Tecido de boa qualidade, se ajustou perfeitamente. Uso xg e realmente a xg ficou boa, diferente de outras por aí que fica pegando e apertando na virilha.
Muito boa!! recomendo.",+1000,239.89,0.925925925925926,0.0305200528867342,0.3278688524590164,0.3905221513590941,698,116,3,1000.0,0.0013642564802182,0.0195543428831286
1938,Kit 10 Cuecas Boxer Lupo Cueca Box Algodão Masculina Atacado,4.5,3037.0,18.0,lupo,algodão,Masculino,outono/inverno,"As cuecas são boas; porém você percebe na costura que não são originais! já experimentei duas brancas, e o mesmo acontece com as duas, quando eu subo a cueca, ela dá um estralinho como se tivesse rasgado e quando olhei, soltou um pouco da costura de lado! tem que vestir com muito cuidado! fora isso, é uma replica muito bem feita da original! aaah. Não gostei muito do elastico de cima! é muito curtinho, queria q fosse maior. Mas resumindo: cueca bem confortavel, nao dobra e nem sobe.","Pelo preço promocional, com ctz tem algum defeito de fabricação. Pq não é normal furar a cueca na imenda na primeira vez que vc usa. Infelizmente isso aconteceu comigo e não foi só com uma cueca e sim com 3 unidades. Agora eu não sei o que é pior, perder 16 reais do valor da cueca usando ela apenas algumas horas ou ficar com a cueca furada no trabalho.","Serviram muito bem, porém é nítido que o pano não é algodão, e posso confirmar a diferença pois possuo o mesmo modelo de cuecas lupo que comprei em outra ocasião e comparando ambos os panos e costuras essa diferença fica notável.
Pelo custo beneficio e mesmo sendo um material diferente, aparenta valer a pena, porém, só o tempo (e algumas lavagens rs) irá dizer se é de qualidade.",+10mil,232.89,0.8148148148148148,0.3345085940943147,0.2131147540983606,0.3785853142798676,463,25,3,10000.0,0.0422919508867667,0.176443838108231
1939,Kit Com 10 Cuecas Boxer Algodão Sem Costura Zorba 781,4.7,5691.0,20.0,zorba,algodão,Masculino,não definido,"O tecido é bom e são confortáveis. Só que a numeração não é precisa, visto 40 então tentei comprar a p conforme especificado no guia de tamanho. Porém, para minha sorte não tinha mais p disponível e eu comprei m. O resultado é que caiu perfeitamente. Então uma dica é comprar um tamanho maior. Antes deixar o bicho solto do quê sem ar.","Vendo comentários de outros consumidores vejo que quanto ao tamanho realmente há problemas; tenho 1. 85 e peso 88 kg, pedi o tamanho maior disponível, gg, e ficou um pouco apertado mesmo assim. Já comprei em lojas exatamente a mesma medida e dá pra notar a diferença. Mas no geral o produto é bom, só atentem para o tamanho.","Produto não é nem de longe original, tecido grosso e com pouco elastano.",+50mil,199.9,0.888888888888889,0.626928162185985,0.2459016393442623,0.3223287063879131,838,25,1,50000.0,0.0090950432014552,0.176443838108231
1944,Calça Levis 505 Original 100% Algodão Revendedor Autorizado,4.5,25.0,5.0,levi's,algodão,Masculino,outono/inverno,Muito comprido. Não vendem o comprimento adequado.,Exatamente o que eu estava procurando.,"Péssima qualidade, desbotou na primeira lavagem.",+100,326.55,0.8148148148148148,0.002644336712208,0.0,0.5383001943999183,436,25,3,100.0,0.0090950432014552,0.176443838108231
1946,Macacão Apicultor Roupa Proteção Abelha Com Máscara + Brinde,4.1,332.0,10.0,celi,algodão,Sem gênero,não definido,Bom produto so uma resalva quando alguem for fazer o pedido pede um numero maior do que vc costuma usar exp. Se vc usa roupas g pede o macacao gg ou xg pra ficar com folga. No restante tudo certo.,Eu achei muito fino o tecido poderia ser mais grosso fui tirar uma abelha levei algumas ferruado.,Otimo.,+1000,166.21,0.6666666666666666,0.0364698104892022,0.0819672131147541,0.2648784147880358,177,25,1,1000.0,0.0077307867212369,0.176443838108231
1956,Short Jeans Plus Size Com Lycra Levanta Bumbum Cintura Alta,4.4,45.0,6.0,stillger jeans,jean,Feminino,primavera/verão,Ele é ótimo muito confortável.,"Comprei e não gostei de como ficou no corpo.
Ele é bom o tecido é bom, só que pra mim não ficou legal.",Produto de ótima qualidade eu recomendo pode comprar.,+100,64.09,0.777777777777778,0.004847950639048,0.0163934426229508,0.0907370144265202,738,74,7,100.0,0.0154615734424738,0.0254661209640745
1971,Kit 3 Short Jeans Feminino Levanta Bumbum Modela Cintura,4.3,27.0,14.0,stillger jeans,algodão,Feminino,primavera/verão,Otimo.,"Shorts são lindas, só o tamanho é diferentes uma da outra.
Duas ficaram ótimas e uma ficou grande.","Os shorts são muito bonitos, mais achei a forma pequena. O mais claro bem menor que os outros. Minha filha usa 44, pedi 46 e ficaram apertados. Mais da pra usar rsrs.",+100,149.67,0.7407407407407406,0.002864698104892,0.1475409836065573,0.2366733740322635,738,25,7,100.0,0.0154615734424738,0.176443838108231
1990,Calça Jeans Original Sawary Com Lycra Roupas Femininas Dins,4.5,87.0,11.0,sawary,jeans com lycra,Feminino,outono/inverno,"Maravilhoso, e amei muito linda.","Maravilhosa, deveria ter pegado meu número mesmo que é a 44, fui na opinião de outros clientes, peguei a 46 e ficou um pouco larga, mas amei,. Podem pegar seu número certo. Virei cliente :) obrigada! ?.",Tenho 1. 70 e peso 88kg. Pedi o tamanho 44 e sinceramente ficou perfeita. Amei minha calça. De vdd mesmo! o jeans é maravilhoso e vesti super bem.,+1000,169.21,0.8148148148148148,0.009475539885412,0.0983606557377049,0.2699942021077043,692,79,3,1000.0,0.0068212824010914,0.001819008640291
2001,Kit 2 Cuecas Boxer Lupo Basic Microfibra Sem Costura Box,4.8,1430.0,30.0,lupo,microfibra,Masculino,primavera/verão,Excelente produto e muito durável. Não sei como vai ser pq este produto dura muito. Comprei novo conjunto depois de quase 3 anos. Então se você quiser esquecer de comprar cueca pelo menos por 3 anos este é o produto ideal.,"Já conhecia esse produto de alta qualidade e preço baixo, tenho uma cueca dessa a 5 anos e ainda vai servir por mais tempo kkk, as cuecas de poliamida da lupo são excelentes, já as de algodão não duram um mês, não comprem as de algodão, comprem essa de poliamida são muito boas e bem duráveis m.","Produto original, estava com medo de comprar e não ser igual ao original porém me surpreendeu a qualidade do produto em breve vou comprar mais cuecas!.",+10mil,69.99,0.925925925925926,0.1574482150727192,0.4098360655737705,0.1007980628218682,463,101,7,10000.0,0.0422919508867667,0.0300136425648021
2007,Roupa Térmica Flanelada Kit 2 Calças + 2 Blusas Segunda Pele,4.3,160.0,10.0,sm,poliéster,Masculino,outono/inverno,"A ideia de tamanho único não funciona para este produto. Apesar de esticar, fica desconfortável e subindo se você for alto (tenho 1,87m). O tecido junta bolinhas onde houver fricção. Não achei que ajudou muito na questão térmica.","Material de qualidade, mas essa coisa de tamanho único, não funciona no brasil. O lado bom é que segura minhas gorduras. Se vc não for uma pessoa grande na estatura, pode ir sem medo.",A roupa serviu tanto para mim que uso 48 quanto para meu esposo que usa 44. Ela aquece e protege muito contra o vento gelado - ainda mais para ele que usa moto como meio de transporte. Só não dei 5 estrelas porque uma das blusas veio com um furo próximo ao ombro. Já lavei 2x e continua como nova.,+1000,199.73,0.7407407407407406,0.0175187307183781,0.0819672131147541,0.3220388117731318,723,122,3,1000.0,0.0013642564802182,0.1173260572987721
2008,Kit 5short Feminino Leve Moletinho Academia Fitness Atacado,4.7,118.0,10.0,canario,algodão,Feminino,primavera/verão,"Gostei bastante do produto, o material pelo preço está bom. Seguir o conselho de comprar tamanho a mais do que uso, deu certo. Uso m mais comprei g , vestiu bem.",O produto e maravilho perfeito moletinho veste super bem mas achei que era um pouquinho so larguinho mas ta perfeito ainda por ser. De academia eu tenho certeza que nao pode ficar largo mesmo kkk apaixonada super recomendo e as cores sao lindas demais pode comprar sem medo.,"Tecido otimo acabamento muito bom, porem pequeno, eu uso 42 e deveria ter pego gg ia ficar mais larguinho , peguei g e ficou apertado, mais da pra usar tranquio.",+1000,159.99,0.888888888888889,0.0128911414720141,0.0819672131147541,0.2542716824119232,170,25,7,1000.0,0.0100045475216007,0.176443838108231
2018,Roupa Infantil Bailarina Profissional Balé Paetês Saia Média,4.6,40.0,7.0,bailarina profissional,poliéster,Meninas,não definido,"Muito lindo, bem acabado, perfeito. A parte da saia fica armada, do jeito que gosto.","O vestido é maravilhoso tudo isso da foto mesmo, tive que comprar um número maior pois não tinha o menor mais mesmo assim deu certo, ele é lindo perfeito e apesar dos detalhes não é um vestido pesado.","O vestido é muito bonito, não há como negar. Mas no final da festa os detalhes da barra da saia estavam se desfazem. Os partes saíram todos. Não é algo que tenha durabilidade, e minha filha é bem vaidosa e cuidadosa.",+100,199.99,0.8518518518518517,0.004297047157338,0.0327868852459016,0.3224821800075031,90,122,1,100.0,0.0004547521600727,0.1173260572987721
2025,Roupa Bebe Infantil Kit 10 Cuecas Boxer Menino Masculino,4.3,19.0,21.0,spk,algodão,Meninos,não definido,Ola perfeito pelo custo benefício eu achei que o tecido seria inferior pelo valor mais me surpreendi tenho três meninos e irei comprar novamente.,Eu gostei muito boa.,Eles não vem do mesmo tamanho umas pequenas e outra grande muita variação de tamanho.,+100,98.05,0.7407407407407406,0.001983252534156,0.2622950819672131,0.1486477268851676,728,25,1,100.0,0.0004547521600727,0.176443838108231
2027,Pijama De Frio Feminino Longo Tecido Super Confortável,4.7,228.0,30.0,time fitness roupa de dormir,poliéster,Feminino,outono/inverno,Muito confortável.,A manga ficou bem curta.,"O pijama tem um tecido bem gostoso, parece ser de boa qualidade. Não vou dar nota 5 porque ele ficou curto. Tenho 1,69 mas vale o custo benefício.",+1000,78.23,0.888888888888889,0.0250110180696342,0.4098360655737705,0.1148494253265577,765,122,3,1000.0,0.0004547521600727,0.1173260572987721
2032,Kit 3 Bermuda Moletom Academia Ginastica Leve Estampado Top,4.3,20.0,10.0,canario,poliéster,Masculino,não definido,"Produto de baixa qualidade. Moletom muito fino, elastico na cintura inapropiado. Custa pouco mas prepare-se para receber um produto de segunda categoria.",Ótimo perfeito.,"Eu achei pequena, não segue tamanho na tabela.",+100,119.91,0.7407407407407406,0.002093433230498,0.0819672131147541,0.185924763821152,170,122,1,100.0,0.0100045475216007,0.1173260572987721
2033,Roupa Infantil Calça Jeans Branco Confortável Menino Juvenil,4.6,9.0,10.0,fashion kids,algodão,Meninos,outono/inverno,"Linda a calça, meu filhote ficou um charme com ela, podem comprar sem medo.","Comprei por 2x e nas 2 veio tamanho maior, que devolvi e tive reembolso rapidamente! é bem bonita, só não deu para usar por ser de tamanho maior mesmo.",Bom.,+50,78.01,0.8518518518518517,0.000881445570736,0.0819672131147541,0.114474267589782,293,25,3,50.0,0.0004547521600727,0.176443838108231
2045,Kit 3 Short Jeans Feminino Cintura Alta Barato Atacado,4.4,508.0,9.0,menina linda,jean,Feminino,primavera/verão,"Estou encantada com essas peças!.
Os shorts são lindos e super confortáveis, comprem sem medo!.","Recomendo, tecido confortável, igual a foto.","Gostei muito dos shorts, material bom, para usar no dia a dia está ótimo.",+1000,129.2,0.777777777777778,0.0558616130453944,0.0655737704918032,0.2017666518877255,509,74,7,1000.0,0.0100045475216007,0.0254661209640745
2056,Kit 3 Calça Jeans Feminina Levanta Bumbum Cintura Alta,4.3,313.0,5.0,stillger,algodão,Feminino,outono/inverno,"Maravilhoso, super recomendo, ficou perfeita 👏👏👏.",Pedi um produto veio outro sem falar no tamanho.,"Do kit, uma calça ficou perfeita, uma ficou boa e a outra não serviu, ficou pequena, pedi a loja para trocar somente a que não serviu, pois como eu só experimentei uma achei que daria certo as outras e já usei, quando fui usar a terceira, não serviu. A resposta da loja foi que só troca o kit inteiro. Mas como vou trocar um kit de calças 38 por outro kit de calça 38 se apenas 1 veio no tamanho errado?.",+1000,174.24,0.7407407407407406,0.0343763772587042,0.0,0.2785716721803485,736,25,3,1000.0,0.0327421555252387,0.176443838108231
2060,Kit 2 Cuecas Box Boxer Zorba Algodão Sem Costura 781 Full,4.8,292.0,10.0,zorba,algodão,Masculino,não definido,"É tamanho pequeno em relação a outras cuecas do mesmo tamanho m parece p, tem de comprar tamanho maior que o seu habitual.",Produto de ótima qualidade.,Muito boaaa.,+1000,43.38,0.925925925925926,0.0320625826355222,0.0819672131147541,0.0554210292964087,838,25,1,1000.0,0.0090950432014552,0.176443838108231
2061,Roupa Feminina Short Plus Size Jeans 44 Ao 58 E Cintura Alta,3.8,8.0,11.0,usemia,jeans,Feminino,primavera/verão,"Ótimo, coube perfeitamente meu tamanho.","Lindo, gostei muito.
Comprarei novamente, agora estou esperando para que chegue logo na cor vermelho!.
Eu uso 52/54.
Peguei um 56 e ficou justo no corpo, mais gostei.
Tenho 110 de cintura e 140 de quadril!.",Produto excelente amei super recomendo.,+100,77.53,0.5555555555555555,0.000771264874394,0.0983606557377049,0.1136557416186351,793,75,7,100.0,0.0004547521600727,0.0300136425648021
2072,Moletom Calça Juvenil Menino Kit 3 Peça Flanelada 10-12-14,3.7,168.0,5.0,colbacho,algodão,Sem gênero infantil,outono/inverno,"Comprei para meus 2 filhos, a preta é tamanho 14 e a cinza é tamanho 8, todas elas serviram perfeitamente.",Muito bom.,O tecido é muito fino e descosturou.,+1000,69.21,0.5185185185185187,0.0184001762891141,0.0,0.0994679581187544,192,25,3,1000.0,0.0054570259208731,0.176443838108231
2082,Calça Jeans Wide Leg Feminino Índigo Sawary,4.6,16.0,37.0,sawary jeans,algodão,Feminino,outono/inverno,"Perfeita, não melhor pq é um pouco maior.
Linda super indico.
❤️❤️❤️👏👏.",Linda uso 44 comprei 42 deu certinho.,Devolvi pois ficou grande. Mas a calça é linda.,+50,223.99,0.8518518518518517,0.00165271044513,0.5245901639344263,0.3634084785648511,693,25,3,50.0,0.0027285129604365,0.176443838108231
2099,Kit 2 Calças Jeans Masculina Com Lycra.,4.6,2147.0,5.0,almix,jean,Masculino,primavera/verão,"Obs: eu não suporto calças apertadas , e nem muito largas.
Numeração ( 42 ). Ficou ótima em mim.
Tenho 1. 80 de altura e uns 75kg.
Na cintura e nas coxas, ficou muito boa , ou seja.
- não ficou apertado e nem muito largo. ( ficou legal ).
Do joelho para baixo , ficaram retas ou seja, não tem modelagem , más, tbem não ficou feio , pois não ficou larga.
- elas ficam alinhado com o corpo , porém, não apertado.
Então ela é uma boa escolha para compra.
Porém , só um alerta !.
* ela é fina , tecido leve.
* comprimento é super grande.
Resumindo.
De 1 á 10 , ela valeu uns ( 8 ).","Gostei, as calças vestem bem, são confortáveis e o tecido tem qualidade. Por ter gostado resolvi comprar outro kit com três calças. Nesse kit tenho um reparo a fazer: a numeração que pedi foi 40 e a calça azul clara, apesar de ter na etiqueta a numeração 40, tinha o tamanho correspondente a 42 ou 44. Ficará grande e terei que mandar ajustar. O controle de qualidade poderia ser melhor efetuado nesses casos. No mais nada a reclamar.","Recomendo ótimo jeans tenho 1. 80 altura e 97 kg a número 48 ficou ótimo se eu quiser vou fazer é só o abanhado mas não fiz dobrei por dentro nem se percebe , não ficou colada no corpo que pra mim é ótimo.
Comprarei novamente em breve.
Que deus abençoe a todos.",+10mil,134.3,0.8518518518518517,0.2364477743499339,0.0,0.210463490331162,26,74,7,10000.0,0.0054570259208731,0.0254661209640745
2100,Kit 3 Calças Jogger Masculina Jeans Com Punho Elastico,4.3,779.0,9.0,gbgsports,sarja,Masculino,outono/inverno,"Calças com material inferior. Não vieram do mesmo tamanho. Pedi tamanho m/42 parece ser p e a que ficou boa parece ser g. Essas medidas não são confiáveis. O elástico do calcanhar de uma delas está frouxo. Tive preguiça de devolver. Esse deslocamento de ir até os correios me desanima. Comprei mais duas em outra loja. Vieram perfeitas. As daqui consegui vender pra compensar. Quem não liga pra esses detalhes pode comprar, fora isso não aconseho.","O produto veio com manchas e com mal cheiro e a qualidade do pano e horrível, não recomendo efetuarem uma compra nessa loja nem responder o chat que mandei falando das avarias do produto responderam totalmente sem suporte.","Comprei o kit que são três, porém são todas as três com a mesma numeração ,mas três tamanhos diferentes ,duas dá pra eu usar ,uma está perdida pelo tamanho, não compraria novamente, assim como de outros que atenderam minhas espectativas voltei à comprar novamente , tanto pra mim quanto aos meus próximos ,a qualidade atende ao que é descrito,.",+1000,182.34,0.7407407407407406,0.0857205817540767,0.0655737704918032,0.2923842979434535,324,138,3,1000.0,0.0059117780809458,0.0154615734424738
2156,Short Masculino Malha Colorblock Aeroready adidas Novo,4.5,8.0,30.0,adidas,poliéster,Masculino,outono/inverno,Muito bom bermuda 100% original.,"Muito bom, comprarei novamente e original adidas.",Gg de tamanho grande.,+50,179.99,0.8148148148148148,0.000771264874394,0.4098360655737705,0.2883769312097132,13,122,3,50.0,0.0109140518417462,0.1173260572987721
2162,Kit 4 Cuecas Boxer Lupo Em Algodão Masculina Cotton Original,4.6,2387.0,22.0,lupo,algodão,Masculino,primavera/verão,"Muito bom , eu sempre gostei de usar cueca com folga mas resolvi seguir as orientações das medidas na tabela e ficou ótimo. Peguei a m (normalmente pego um tamanho acima) mas ficou muito bom, perfeito. Se tivesse arriscado no tamanho g teria ficado muito largo. Tenho 1. 75 altura e 76kg.",As cuecas são de péssima qualidade as mais falsas que existe. Eu uso cuecas lupo há muito tempo não gostei porque é anunciado como original. Estou só o ódio.,"Eu tenho 1,80 e peso 80 kg, a g ficou perfeita.",+10mil,89.9,0.8518518518518517,0.2628911414720141,0.2786885245901639,0.1347498380000682,463,25,7,10000.0,0.0422919508867667,0.176443838108231
2180,Calça Jeans Infantil Juvenil Masculina C/ Elastano Mzocokids,4.7,11.0,12.0,mzoco kids,jeans poliéster algodão elastano,Meninos,outono/inverno,Perfeito.,"Caixa muito bonita, veste bem, meu filho tem 8 anos, bundudo, o num 14 foi perfeito.","Fiquei impressionado com a qualidade. O tamanho é de acordo com o número. Meu filho é magrinho, tem 8 anos e, o tamanho 8 ficou perfeito. Muito satisfeito.",+100,64.47,0.888888888888889,0.00110180696342,0.1147540983606557,0.0913850141536782,555,83,3,100.0,0.0004547521600727,0.0004547521600727
2185,Calça Linho Mom Feminina Bege Sawary,4.8,26.0,16.0,sawary jeans,algodão,Feminino,outono/inverno,"Excelente!.
A calça é linda, tecido excelente.
Tenho 80 quilos, comprei número 42 serviu perfeitamente!.",Sou bem magrinha pedi o 34 e ficou linda.,Produto de excelente qualidade amei tamanho certo e muito linda. Amei.,+50,192.99,0.925925925925926,0.00275451740855,0.180327868852459,0.3105453429282767,693,25,3,50.0,0.0027285129604365,0.176443838108231
2191,Bermuda Infantil Jeans Masculino Roupa Short Menino,4.5,19.0,11.0,nacional,jeans,Meninos,primavera/verão,"Meu filho gostou ,parabéns muito bom o produto.",Muito boa amei otima qualidade tamanho.,"Bom,mesmo que tenha ficado um pouco grande.",+100,42.26,0.8148148148148148,0.001983252534156,0.0983606557377049,0.0535111353637324,557,75,7,100.0,0.003638017280582,0.0300136425648021
2195,Kit 3 Cuecas Low Rise Trunk Calvin Klein,4.6,32.0,26.0,calvin klein,algodão,Masculino,outono/inverno,Muito confortáveis e qualidade excelente.,Produto de excelente qualidade.,Produto rasgou em um mês de uso.,+100,239.9,0.8518518518518517,0.003415601586602,0.3442622950819672,0.390539203983493,160,25,3,100.0,0.0004547521600727,0.176443838108231
2198,Kit 4 Bermudas Plusais Estampada Caminhada Ultimas Unidades,2.3,4.0,11.0,feminina academia atacado,poliéster,Feminino,primavera/verão,De pessima qualidade. Não indico.,Produto de péssima qualidade não gostei. Um tecido que escorrega no corpo. Vc anda e a bermuda vai descendo.,Muito bom.,+25,105.93,0.0,0.000330542089026,0.0983606557377049,0.1620851949114969,295,122,7,25.0,0.0004547521600727,0.1173260572987721
# eda_and_plots.py
import os
import io
import pandas as pd
import numpy as np
import matplotlib.pyplot as plt
from sklearn.linear_model import LinearRegression

DATA_PATH = "ecommerce_estatistica.csv"   # coloque o CSV no mesmo diretório
OUT_DIR = "output"
PLOTS_DIR = os.path.join(OUT_DIR, "plots")
os.makedirs(PLOTS_DIR, exist_ok=True)

# 1) Load
df = pd.read_csv(DATA_PATH)

# 2) EDA
head = df.head(10)
buf = io.StringIO()
df.info(buf=buf)
info_str = buf.getvalue()
shape = df.shape
dtypes = df.dtypes
missing = df.isna().sum().sort_values(ascending=False)
describe = df.describe(include='all').T

# Save head
head.to_csv(os.path.join(OUT_DIR, "head_10.csv"), index=False)

# 3) Plots (matplotlib)
numeric_cols = df.select_dtypes(include=[np.number]).columns.tolist()
categorical_cols = df.select_dtypes(include=['object','category']).columns.tolist()

def save_fig(fig, name):
    path = os.path.join(PLOTS_DIR, name)
    fig.savefig(path, bbox_inches='tight')
    plt.close(fig)
    return path

plot_files = []

# Histogram (primeira coluna numérica)
if len(numeric_cols) >= 1:
    col = numeric_cols[0]
    fig = plt.figure()
    plt.hist(df[col].dropna(), bins=30)
    plt.title(f'Histograma de {col}')
    plt.xlabel(col)
    plt.ylabel('Frequência')
    plot_files.append(save_fig(fig, f'hist_{col}.png'))

# Scatter (primeiras 2 numéricas)
if len(numeric_cols) >= 2:
    xcol, ycol = numeric_cols[0], numeric_cols[1]
    fig = plt.figure()
    plt.scatter(df[xcol], df[ycol])
    plt.title(f'Dispersão: {ycol} vs {xcol}')
    plt.xlabel(xcol)
    plt.ylabel(ycol)
    plot_files.append(save_fig(fig, f'scatter_{xcol}_{ycol}.png'))

# Heatmap (correlação)
if len(numeric_cols) >= 2:
    corr = df[numeric_cols].corr()
    fig = plt.figure(figsize=(6,5))
    plt.imshow(corr, interpolation='nearest')
    plt.title('Mapa de calor: Correlações')
    plt.xticks(ticks=np.arange(len(corr.columns)), labels=corr.columns, rotation=90)
    plt.yticks(ticks=np.arange(len(corr.index)), labels=corr.index)
    plt.colorbar()
    plot_files.append(save_fig(fig, 'heatmap_correlation.png'))

# Bar & Pie (primeira categórica)
if len(categorical_cols) >= 1:
    cat = categorical_cols[0]
    top = df[cat].value_counts().iloc[:10]
    fig = plt.figure()
    plt.bar(top.index.astype(str), top.values)
    plt.title(f'Gráfico de Barras: Top 10 {cat}')
    plt.xlabel(cat)
    plt.ylabel('Contagem')
    plt.xticks(rotation=45, ha='right')
    plot_files.append(save_fig(fig, f'bar_{cat}.png'))

    top6 = df[cat].value_counts().iloc[:6]
    fig = plt.figure()
    plt.pie(top6.values, labels=top6.index.astype(str), autopct='%1.1f%%')
    plt.title(f'Gráfico de Pizza: {cat} (top 6)')
    plot_files.append(save_fig(fig, f'pie_{cat}.png'))

# Density (histograma normalizado)
if len(numeric_cols) >= 1:
    col = numeric_cols[0]
    fig = plt.figure()
    plt.hist(df[col].dropna(), bins=50, density=True)
    plt.title(f'Densidade (histograma normalizado) de {col}')
    plt.xlabel(col)
    plt.ylabel('Densidade')
    plot_files.append(save_fig(fig, f'density_{col}.png'))

# Regressão linear simples (primeiras 2 numéricas)
if len(numeric_cols) >= 2:
    X = df[[numeric_cols[0]]].dropna()
    y = df.loc[X.index, numeric_cols[1]]
    valid = y.notna()
    X = X.loc[valid]
    y = y.loc[valid]
    if len(X) > 1:
        model = LinearRegression().fit(X, y)
        y_pred = model.predict(X)
        fig = plt.figure()
        plt.scatter(X, y)
        plt.plot(X, y_pred)
        plt.title(f'Regressão Linear: {numeric_cols[1]} ~ {numeric_cols[0]}')
        plt.xlabel(numeric_cols[0])
        plt.ylabel(numeric_cols[1])
        plot_files.append(save_fig(fig, f'regression_{numeric_cols[0]}_{numeric_cols[1]}.png'))

# Save EDA summary
with open(os.path.join(OUT_DIR, "EDA_summary.txt"), "w", encoding="utf-8") as f:
    f.write("Info:\\n")
    f.write(info_str + "\\n\\n")
    f.write("Shape: " + str(shape) + "\\n\\n")
    f.write("Column types:\\n")
    f.write(str(dtypes) + "\\n\\n")
    f.write("Missing values per column:\\n")
    f.write(str(missing) + "\\n\\n")
    f.write("Describe:\\n")
    f.write(describe.to_string() + "\\n\\n")
    f.write("Plots:\\n")
    for p in plot_files:
        f.write(p + "\\n")

print('EDA e plots gerados em:', OUT_DIR)
# app.py
import pandas as pd
from dash import Dash, html, dcc, Input, Output
import plotly.express as px

DATA_PATH = "ecommerce_estatistica.csv"  # ajuste se necessário
df = pd.read_csv(DATA_PATH)

app = Dash(__name__)

numeric_cols = df.select_dtypes(include=['number']).columns.tolist()
categorical_cols = df.select_dtypes(include=['object','category']).columns.tolist()

app.layout = html.Div([
    html.H1("Dashboard: ecommerce_estatistica"),
    html.P("Coloque 'ecommerce_estatistica.csv' no mesmo diretório do app."),

    html.Div([
        html.Label("Escolha coluna (histograma):"),
        dcc.Dropdown(id='hist-col', options=[{'label':c,'value':c} for c in numeric_cols],
                     value=numeric_cols[0] if numeric_cols else None)
    ]),
    dcc.Graph(id='hist-graph'),

    html.Div([
        html.Label("Escolha X e Y (dispersão/regressão):"),
        dcc.Dropdown(id='xcol', options=[{'label':c,'value':c} for c in numeric_cols],
                     value=numeric_cols[0] if len(numeric_cols)>0 else None),
        dcc.Dropdown(id='ycol', options=[{'label':c,'value':c} for c in numeric_cols],
                     value=numeric_cols[1] if len(numeric_cols)>1 else None)
    ]),
    dcc.Graph(id='scatter-graph'),

    html.Div([
        html.Label("Escolha coluna categórica (barras/pizza):"),
        dcc.Dropdown(id='cat-col', options=[{'label':c,'value':c} for c in categorical_cols],
                     value=categorical_cols[0] if categorical_cols else None)
    ]),
    dcc.Graph(id='bar-graph'),
    dcc.Graph(id='pie-graph'),

    html.Hr(),
    html.P("Arquivo: " + DATA_PATH)
])

@app.callback(
    Output('hist-graph', 'figure'),
    Input('hist-col','value')
)
def update_hist(col):
    if col is None:
        return {}
    return px.histogram(df, x=col, nbins=30, title=f'Histograma de {col}')

@app.callback(
    Output('scatter-graph', 'figure'),
    Input('xcol','value'),
    Input('ycol','value')
)
def update_scatter(xcol, ycol):
    if xcol is None or ycol is None:
        return {}
    return px.scatter(df, x=xcol, y=ycol, trendline='ols', title=f'Dispersão: {ycol} vs {xcol}')

@app.callback(
    Output('bar-graph','figure'),
    Output('pie-graph','figure'),
    Input('cat-col','value')
)
def update_cat_plots(cat):
    if cat is None:
        return {}, {}
    top = df[cat].value_counts().nlargest(10).reset_index()
    top.columns = [cat, 'count']
    bar = px.bar(top, x=cat, y='count', title=f'Top 10 {cat}')
    pie = px.pie(top, names=cat, values='count', title=f'Pizza: {cat} (top 10)')
    return bar, pie

if __name__ == '__main__':
    app.run_server(debug=True, port=8050)
pandas
plotly
dash
scikit-learn
matplotlib
# Dashboard: ecommerce_estatistica

Arquivos:
- app.py
- eda_and_plots.py
- requirements.txt
- ecommerce_estatistica.csv (coloque aqui o dataset)

Como executar:
1. Crie e ative um ambiente virtual:
   python -m venv .venv
   source .venv/bin/activate  # Linux/macOS
   .\.venv\Scripts\activate   # Windows (PowerShell)

2. Instale dependências:
   pip install -r requirements.txt

3. Gere a EDA e os PNGs (opcional):
   python eda_and_plots.py
   -- os arquivos ficarão em ./output/plots e ./output/EDA_summary.txt

4. Rode o dash:
   python app.py
   Acesse http://127.0.0.1:8050

Como subir no GitHub:
1. Crie um repositório no GitHub (público).
2. No diretório local execute:
   git init
   git add .
   git commit -m "Entrega: Dashboard ecommerce_estatistica"
   git branch -M main
   git remote add origin https://github.com/<seu-usuario>/<seu-repo>.git
   git push -u origin main

Entrega:
- Cole o link do repositório público no campo de entrega.
